{
  "type": "FeatureCollection",
  "name": "2026 Kumamoto earthquake: MLIT observed road restrictions at 2026-07-29 12:00 JST",
  "source": {
    "classification": "OBSERVED_PUBLIC",
    "provider": "Ministry of Land, Infrastructure, Transport and Tourism",
    "url": "https://www.mlit.go.jp/road/saigai/r8kumamoto/2607291200data.zip",
    "source_zip_sha256": "8dd8cf569879e68ae392ba6b4e26263d1f3ba8c758b09d85dcad6cfae8b62d84",
    "snapshot_at": "2026-07-29T12:00:00+09:00",
    "attribution": "Ministry of Land, Infrastructure, Transport and Tourism, Japan",
    "license_note": "Official public Passable Map snapshot. Preserve the ministry attribution and source-page link when reused."
  },
  "bbox": [
    [
      130.420189,
      32.051308
    ],
    [
      131.328246,
      32.92495
    ]
  ],
  "features": [
    {
      "type": "Feature",
      "id": "mlit-2026-kumamoto-road-restriction-001",
      "properties": {
        "classification": "OBSERVED_PUBLIC",
        "source_feature_index": 0,
        "prefecture": "熊本県",
        "municipality": "山江村",
        "road_kind": "都道府県道",
        "route_name": "県道17号坂本人吉線",
        "restriction_kind": "災害",
        "restriction_reason": "落石",
        "restriction_started_at": "2026/7/28 17:30",
        "restriction_status": "全面通行止",
        "length_km": 5.022
      },
      "geometry": {
        "type": "LineString",
        "coordinates": [
          [
            130.733346,
            32.337571
          ],
          [
            130.733404,
            32.337517
          ],
          [
            130.733492,
            32.3374
          ],
          [
            130.733529,
            32.337267
          ],
          [
            130.733542,
            32.337125
          ],
          [
            130.733517,
            32.33675
          ],
          [
            130.733517,
            32.33665
          ],
          [
            130.733529,
            32.336492
          ],
          [
            130.733617,
            32.336208
          ],
          [
            130.733692,
            32.336008
          ],
          [
            130.733829,
            32.3357
          ],
          [
            130.734242,
            32.335075
          ],
          [
            130.734354,
            32.334875
          ],
          [
            130.734492,
            32.334733
          ],
          [
            130.734654,
            32.3346
          ],
          [
            130.734829,
            32.334525
          ],
          [
            130.735179,
            32.33445
          ],
          [
            130.735504,
            32.334417
          ],
          [
            130.735767,
            32.334458
          ],
          [
            130.736642,
            32.334783
          ],
          [
            130.737317,
            32.334975
          ],
          [
            130.737554,
            32.335033
          ],
          [
            130.737729,
            32.33505
          ],
          [
            130.737879,
            32.335025
          ],
          [
            130.738042,
            32.334942
          ],
          [
            130.738229,
            32.334817
          ],
          [
            130.738854,
            32.334308
          ],
          [
            130.738929,
            32.3342
          ],
          [
            130.738929,
            32.333933
          ],
          [
            130.738892,
            32.333758
          ],
          [
            130.7388,
            32.333442
          ],
          [
            130.738779,
            32.333333
          ],
          [
            130.738667,
            32.3328
          ],
          [
            130.738667,
            32.332683
          ],
          [
            130.738704,
            32.332583
          ],
          [
            130.738792,
            32.332492
          ],
          [
            130.738992,
            32.332367
          ],
          [
            130.739104,
            32.332308
          ],
          [
            130.740054,
            32.331983
          ],
          [
            130.740529,
            32.331867
          ],
          [
            130.741517,
            32.33165
          ],
          [
            130.742117,
            32.3315
          ],
          [
            130.742604,
            32.331442
          ],
          [
            130.742992,
            32.331417
          ],
          [
            130.743117,
            32.331467
          ],
          [
            130.743192,
            32.331575
          ],
          [
            130.743429,
            32.332133
          ],
          [
            130.743567,
            32.332271
          ],
          [
            130.743983,
            32.332533
          ],
          [
            130.744242,
            32.332633
          ],
          [
            130.745054,
            32.33265
          ],
          [
            130.745379,
            32.332725
          ],
          [
            130.745679,
            32.332742
          ],
          [
            130.745879,
            32.332725
          ],
          [
            130.746104,
            32.332642
          ],
          [
            130.746967,
            32.332267
          ],
          [
            130.747129,
            32.332183
          ],
          [
            130.747417,
            32.331958
          ],
          [
            130.747679,
            32.331829
          ],
          [
            130.748133,
            32.331625
          ],
          [
            130.7483,
            32.331521
          ],
          [
            130.748442,
            32.3314
          ],
          [
            130.748467,
            32.331292
          ],
          [
            130.748492,
            32.331108
          ],
          [
            130.748467,
            32.330925
          ],
          [
            130.74825,
            32.330383
          ],
          [
            130.7482,
            32.330208
          ],
          [
            130.748192,
            32.330075
          ],
          [
            130.748254,
            32.329942
          ],
          [
            130.748417,
            32.329792
          ],
          [
            130.748779,
            32.329508
          ],
          [
            130.749242,
            32.329125
          ],
          [
            130.749642,
            32.328842
          ],
          [
            130.75,
            32.328633
          ],
          [
            130.750104,
            32.328575
          ],
          [
            130.750529,
            32.328392
          ],
          [
            130.750817,
            32.328292
          ],
          [
            130.751029,
            32.328258
          ],
          [
            130.751279,
            32.328242
          ],
          [
            130.751529,
            32.32825
          ],
          [
            130.751829,
            32.328242
          ],
          [
            130.7533,
            32.327846
          ],
          [
            130.754567,
            32.327533
          ],
          [
            130.754904,
            32.327433
          ],
          [
            130.755142,
            32.327317
          ],
          [
            130.755358,
            32.327058
          ],
          [
            130.755404,
            32.327004
          ],
          [
            130.755496,
            32.326846
          ],
          [
            130.755608,
            32.326717
          ],
          [
            130.755663,
            32.326671
          ],
          [
            130.755808,
            32.326575
          ],
          [
            130.756242,
            32.326325
          ],
          [
            130.756363,
            32.326254
          ],
          [
            130.757029,
            32.325867
          ],
          [
            130.757125,
            32.325808
          ],
          [
            130.757238,
            32.325733
          ],
          [
            130.757317,
            32.325679
          ],
          [
            130.757367,
            32.325621
          ],
          [
            130.757433,
            32.325538
          ],
          [
            130.757479,
            32.32545
          ],
          [
            130.757517,
            32.325362
          ],
          [
            130.757533,
            32.325267
          ],
          [
            130.757538,
            32.325142
          ],
          [
            130.757492,
            32.324946
          ],
          [
            130.757425,
            32.324783
          ],
          [
            130.757367,
            32.324683
          ],
          [
            130.757196,
            32.324317
          ],
          [
            130.757117,
            32.324146
          ],
          [
            130.756925,
            32.323725
          ],
          [
            130.756854,
            32.323558
          ],
          [
            130.756867,
            32.323171
          ],
          [
            130.7569,
            32.322958
          ],
          [
            130.756937,
            32.32285
          ],
          [
            130.756983,
            32.322758
          ],
          [
            130.757092,
            32.322629
          ],
          [
            130.757163,
            32.322508
          ],
          [
            130.757238,
            32.322292
          ],
          [
            130.757296,
            32.321996
          ],
          [
            130.7573,
            32.321817
          ],
          [
            130.757279,
            32.321588
          ],
          [
            130.757258,
            32.321421
          ],
          [
            130.757225,
            32.321263
          ],
          [
            130.757187,
            32.321125
          ],
          [
            130.757092,
            32.320904
          ],
          [
            130.756575,
            32.319842
          ],
          [
            130.75645,
            32.319658
          ],
          [
            130.756329,
            32.319488
          ],
          [
            130.756129,
            32.319275
          ],
          [
            130.755871,
            32.319025
          ],
          [
            130.755654,
            32.318771
          ],
          [
            130.7554,
            32.318475
          ],
          [
            130.755104,
            32.318163
          ],
          [
            130.754933,
            32.318029
          ],
          [
            130.754721,
            32.317883
          ],
          [
            130.754383,
            32.317687
          ],
          [
            130.754133,
            32.317558
          ],
          [
            130.75385,
            32.317437
          ],
          [
            130.753617,
            32.317354
          ],
          [
            130.753358,
            32.317279
          ],
          [
            130.753042,
            32.317208
          ],
          [
            130.752312,
            32.317037
          ],
          [
            130.751621,
            32.316854
          ],
          [
            130.750867,
            32.316696
          ],
          [
            130.750442,
            32.316638
          ],
          [
            130.750092,
            32.316604
          ],
          [
            130.75,
            32.316612
          ],
          [
            130.749379,
            32.316663
          ],
          [
            130.748879,
            32.316688
          ],
          [
            130.748496,
            32.316667
          ],
          [
            130.748025,
            32.316621
          ],
          [
            130.747679,
            32.316575
          ],
          [
            130.747546,
            32.316533
          ],
          [
            130.747417,
            32.316471
          ],
          [
            130.747317,
            32.316417
          ],
          [
            130.747238,
            32.316354
          ],
          [
            130.747158,
            32.316263
          ],
          [
            130.747117,
            32.316204
          ],
          [
            130.747079,
            32.316121
          ],
          [
            130.747058,
            32.316013
          ],
          [
            130.747054,
            32.315879
          ],
          [
            130.747067,
            32.315763
          ],
          [
            130.747083,
            32.315658
          ],
          [
            130.747098,
            32.315614
          ]
        ]
      }
    },
    {
      "type": "Feature",
      "id": "mlit-2026-kumamoto-road-restriction-002",
      "properties": {
        "classification": "OBSERVED_PUBLIC",
        "source_feature_index": 1,
        "prefecture": "宮崎県",
        "municipality": "日之影町",
        "road_kind": "都道府県道",
        "route_name": "県道205号向山日之影線",
        "restriction_kind": "災害",
        "restriction_reason": "落石",
        "restriction_started_at": "2026/7/28 17:40",
        "restriction_status": "全面通行止",
        "length_km": 2.8
      },
      "geometry": {
        "type": "LineString",
        "coordinates": [
          [
            131.321729,
            32.668603
          ],
          [
            131.321733,
            32.668608
          ],
          [
            131.321867,
            32.668738
          ],
          [
            131.321921,
            32.6688
          ],
          [
            131.321954,
            32.668863
          ],
          [
            131.321967,
            32.668996
          ],
          [
            131.321983,
            32.6691
          ],
          [
            131.322008,
            32.669175
          ],
          [
            131.322062,
            32.669308
          ],
          [
            131.322108,
            32.669458
          ],
          [
            131.322117,
            32.669583
          ],
          [
            131.322138,
            32.66975
          ],
          [
            131.322162,
            32.6699
          ],
          [
            131.322162,
            32.669971
          ],
          [
            131.322154,
            32.670063
          ],
          [
            131.322083,
            32.67025
          ],
          [
            131.322029,
            32.670358
          ],
          [
            131.321983,
            32.670483
          ],
          [
            131.321954,
            32.670646
          ],
          [
            131.32195,
            32.670829
          ],
          [
            131.321967,
            32.670979
          ],
          [
            131.322008,
            32.671067
          ],
          [
            131.322075,
            32.671167
          ],
          [
            131.322254,
            32.671296
          ],
          [
            131.322387,
            32.671396
          ],
          [
            131.322546,
            32.671471
          ],
          [
            131.322675,
            32.6715
          ],
          [
            131.322796,
            32.671529
          ],
          [
            131.322983,
            32.671583
          ],
          [
            131.323096,
            32.671625
          ],
          [
            131.323192,
            32.671642
          ],
          [
            131.323275,
            32.67165
          ],
          [
            131.323371,
            32.671633
          ],
          [
            131.323517,
            32.671596
          ],
          [
            131.323617,
            32.671579
          ],
          [
            131.323742,
            32.671588
          ],
          [
            131.323904,
            32.671613
          ],
          [
            131.3241,
            32.671646
          ],
          [
            131.324279,
            32.671683
          ],
          [
            131.324483,
            32.671729
          ],
          [
            131.324783,
            32.671771
          ],
          [
            131.325075,
            32.671796
          ],
          [
            131.325329,
            32.671821
          ],
          [
            131.325513,
            32.671829
          ],
          [
            131.325592,
            32.671842
          ],
          [
            131.325642,
            32.671867
          ],
          [
            131.325729,
            32.671975
          ],
          [
            131.325754,
            32.672092
          ],
          [
            131.325746,
            32.672267
          ],
          [
            131.325729,
            32.672312
          ],
          [
            131.3257,
            32.67235
          ],
          [
            131.325621,
            32.67245
          ],
          [
            131.3256,
            32.672525
          ],
          [
            131.325613,
            32.672638
          ],
          [
            131.325654,
            32.672838
          ],
          [
            131.325667,
            32.672983
          ],
          [
            131.325646,
            32.673129
          ],
          [
            131.325625,
            32.67325
          ],
          [
            131.325617,
            32.673529
          ],
          [
            131.325629,
            32.673663
          ],
          [
            131.32565,
            32.673738
          ],
          [
            131.325692,
            32.673788
          ],
          [
            131.325846,
            32.673858
          ],
          [
            131.326029,
            32.674033
          ],
          [
            131.326113,
            32.674121
          ],
          [
            131.326275,
            32.674267
          ],
          [
            131.326479,
            32.67445
          ],
          [
            131.32665,
            32.674575
          ],
          [
            131.326858,
            32.674729
          ],
          [
            131.326938,
            32.6748
          ],
          [
            131.326983,
            32.674858
          ],
          [
            131.327054,
            32.674983
          ],
          [
            131.3271,
            32.6751
          ],
          [
            131.327146,
            32.675288
          ],
          [
            131.327162,
            32.675463
          ],
          [
            131.327179,
            32.67565
          ],
          [
            131.327221,
            32.675804
          ],
          [
            131.327275,
            32.675933
          ],
          [
            131.327346,
            32.676042
          ],
          [
            131.327404,
            32.676117
          ],
          [
            131.327554,
            32.676213
          ],
          [
            131.327742,
            32.676296
          ],
          [
            131.327933,
            32.676396
          ],
          [
            131.328125,
            32.676546
          ],
          [
            131.328221,
            32.67665
          ],
          [
            131.328246,
            32.676738
          ],
          [
            131.328238,
            32.676792
          ],
          [
            131.3282,
            32.676858
          ],
          [
            131.328038,
            32.676933
          ],
          [
            131.327858,
            32.677025
          ],
          [
            131.327696,
            32.677113
          ],
          [
            131.327508,
            32.677213
          ],
          [
            131.327358,
            32.677292
          ],
          [
            131.327225,
            32.677367
          ],
          [
            131.32715,
            32.677413
          ],
          [
            131.327063,
            32.677542
          ],
          [
            131.327,
            32.677658
          ],
          [
            131.326921,
            32.677842
          ],
          [
            131.326883,
            32.677996
          ],
          [
            131.326871,
            32.678138
          ],
          [
            131.326875,
            32.678213
          ],
          [
            131.326888,
            32.6783
          ],
          [
            131.326908,
            32.678383
          ],
          [
            131.32695,
            32.678479
          ],
          [
            131.327004,
            32.678579
          ],
          [
            131.327171,
            32.678883
          ],
          [
            131.327254,
            32.679042
          ],
          [
            131.327421,
            32.679417
          ],
          [
            131.327542,
            32.679717
          ],
          [
            131.327588,
            32.679888
          ],
          [
            131.327625,
            32.680037
          ],
          [
            131.327679,
            32.680283
          ],
          [
            131.327688,
            32.680404
          ],
          [
            131.3277,
            32.680467
          ],
          [
            131.32775,
            32.680442
          ],
          [
            131.327837,
            32.680417
          ],
          [
            131.327963,
            32.680375
          ],
          [
            131.328017,
            32.680355
          ]
        ]
      }
    },
    {
      "type": "Feature",
      "id": "mlit-2026-kumamoto-road-restriction-003",
      "properties": {
        "classification": "OBSERVED_PUBLIC",
        "source_feature_index": 2,
        "prefecture": "宮崎県",
        "municipality": "椎葉村",
        "road_kind": "都道府県道",
        "route_name": "県道142号上椎葉湯前線",
        "restriction_kind": "災害",
        "restriction_reason": "落石",
        "restriction_started_at": "2026/7/28 17:00",
        "restriction_status": "全面通行止",
        "length_km": 1.7
      },
      "geometry": {
        "type": "LineString",
        "coordinates": [
          [
            131.152084,
            32.46184
          ],
          [
            131.152088,
            32.461912
          ],
          [
            131.152096,
            32.461942
          ],
          [
            131.152363,
            32.462633
          ],
          [
            131.152413,
            32.462842
          ],
          [
            131.152413,
            32.463008
          ],
          [
            131.152258,
            32.463313
          ],
          [
            131.152296,
            32.463396
          ],
          [
            131.152442,
            32.463521
          ],
          [
            131.152604,
            32.463846
          ],
          [
            131.152938,
            32.464204
          ],
          [
            131.153317,
            32.464604
          ],
          [
            131.153558,
            32.464871
          ],
          [
            131.153592,
            32.464937
          ],
          [
            131.153575,
            32.465088
          ],
          [
            131.153483,
            32.465254
          ],
          [
            131.153479,
            32.465375
          ],
          [
            131.153504,
            32.465429
          ],
          [
            131.153592,
            32.465554
          ],
          [
            131.153592,
            32.465679
          ],
          [
            131.153554,
            32.465738
          ],
          [
            131.153458,
            32.465929
          ],
          [
            131.153454,
            32.4661
          ],
          [
            131.153504,
            32.466208
          ],
          [
            131.153587,
            32.4663
          ],
          [
            131.153692,
            32.466363
          ],
          [
            131.154,
            32.466417
          ],
          [
            131.154229,
            32.466417
          ],
          [
            131.15435,
            32.466446
          ],
          [
            131.154458,
            32.466508
          ],
          [
            131.154525,
            32.466663
          ],
          [
            131.154533,
            32.466763
          ],
          [
            131.154504,
            32.466988
          ],
          [
            131.154554,
            32.467075
          ],
          [
            131.154621,
            32.467125
          ],
          [
            131.154942,
            32.467213
          ],
          [
            131.155,
            32.467679
          ],
          [
            131.155046,
            32.467792
          ],
          [
            131.155117,
            32.467854
          ],
          [
            131.155188,
            32.467883
          ],
          [
            131.155321,
            32.467888
          ],
          [
            131.155446,
            32.467846
          ],
          [
            131.155704,
            32.467746
          ],
          [
            131.155892,
            32.467754
          ],
          [
            131.156038,
            32.467788
          ],
          [
            131.156442,
            32.467788
          ],
          [
            131.156592,
            32.467813
          ],
          [
            131.156729,
            32.467871
          ],
          [
            131.157079,
            32.468112
          ],
          [
            131.157342,
            32.468238
          ],
          [
            131.157867,
            32.468446
          ],
          [
            131.158242,
            32.468671
          ],
          [
            131.158804,
            32.469038
          ],
          [
            131.159229,
            32.469263
          ],
          [
            131.159654,
            32.469446
          ],
          [
            131.159779,
            32.469521
          ],
          [
            131.159929,
            32.469646
          ],
          [
            131.160275,
            32.470042
          ],
          [
            131.160592,
            32.470262
          ],
          [
            131.160688,
            32.470404
          ],
          [
            131.160763,
            32.470492
          ],
          [
            131.160846,
            32.470563
          ],
          [
            131.160988,
            32.470654
          ],
          [
            131.161025,
            32.470704
          ],
          [
            131.161033,
            32.470775
          ],
          [
            131.16095,
            32.470971
          ],
          [
            131.160963,
            32.471104
          ],
          [
            131.161004,
            32.4712
          ],
          [
            131.161054,
            32.471208
          ],
          [
            131.161079,
            32.471337
          ],
          [
            131.161117,
            32.471471
          ],
          [
            131.161196,
            32.4716
          ],
          [
            131.161296,
            32.471658
          ],
          [
            131.161396,
            32.471667
          ],
          [
            131.161512,
            32.471663
          ],
          [
            131.161863,
            32.471579
          ],
          [
            131.161996,
            32.47155
          ],
          [
            131.162108,
            32.47155
          ],
          [
            131.162246,
            32.471575
          ],
          [
            131.162292,
            32.471599
          ]
        ]
      }
    },
    {
      "type": "Feature",
      "id": "mlit-2026-kumamoto-road-restriction-004",
      "properties": {
        "classification": "OBSERVED_PUBLIC",
        "source_feature_index": 3,
        "prefecture": "熊本県",
        "municipality": "球磨村",
        "road_kind": "都道府県道",
        "route_name": "県道325号遠原渡線",
        "restriction_kind": "災害",
        "restriction_reason": "落石",
        "restriction_started_at": "2026/7/28 18:50",
        "restriction_status": "全面通行止",
        "length_km": 1.909
      },
      "geometry": {
        "type": "LineString",
        "coordinates": [
          [
            130.63765,
            32.183096
          ],
          [
            130.637725,
            32.183175
          ],
          [
            130.637842,
            32.183258
          ],
          [
            130.637933,
            32.183292
          ],
          [
            130.638033,
            32.183354
          ],
          [
            130.638121,
            32.183433
          ],
          [
            130.638158,
            32.183492
          ],
          [
            130.638192,
            32.183542
          ],
          [
            130.638271,
            32.183604
          ],
          [
            130.638417,
            32.183775
          ],
          [
            130.638529,
            32.183933
          ],
          [
            130.638621,
            32.184096
          ],
          [
            130.638767,
            32.184421
          ],
          [
            130.638821,
            32.184521
          ],
          [
            130.638975,
            32.184821
          ],
          [
            130.639021,
            32.1849
          ],
          [
            130.639075,
            32.184967
          ],
          [
            130.639225,
            32.185083
          ],
          [
            130.639329,
            32.185162
          ],
          [
            130.639783,
            32.185463
          ],
          [
            130.639879,
            32.185513
          ],
          [
            130.639933,
            32.185554
          ],
          [
            130.640096,
            32.185629
          ],
          [
            130.640371,
            32.185717
          ],
          [
            130.640533,
            32.185758
          ],
          [
            130.64105,
            32.18575
          ],
          [
            130.641421,
            32.185812
          ],
          [
            130.641538,
            32.185858
          ],
          [
            130.641683,
            32.185979
          ],
          [
            130.641883,
            32.186192
          ],
          [
            130.642025,
            32.186313
          ],
          [
            130.642362,
            32.186508
          ],
          [
            130.642487,
            32.186638
          ],
          [
            130.64265,
            32.186913
          ],
          [
            130.642729,
            32.187067
          ],
          [
            130.642821,
            32.187192
          ],
          [
            130.643029,
            32.187454
          ],
          [
            130.643104,
            32.187579
          ],
          [
            130.643221,
            32.187858
          ],
          [
            130.643313,
            32.187996
          ],
          [
            130.643396,
            32.188117
          ],
          [
            130.643604,
            32.188296
          ],
          [
            130.643867,
            32.188496
          ],
          [
            130.644058,
            32.188617
          ],
          [
            130.644179,
            32.188708
          ],
          [
            130.64435,
            32.188867
          ],
          [
            130.644429,
            32.188954
          ],
          [
            130.644575,
            32.189142
          ],
          [
            130.6446,
            32.189221
          ],
          [
            130.644613,
            32.189429
          ],
          [
            130.644613,
            32.189432
          ]
        ]
      }
    },
    {
      "type": "Feature",
      "id": "mlit-2026-kumamoto-road-restriction-005",
      "properties": {
        "classification": "OBSERVED_PUBLIC",
        "source_feature_index": 4,
        "prefecture": "大分県",
        "municipality": "竹田市",
        "road_kind": "市区町村道",
        "route_name": "市道駄原目線",
        "restriction_kind": "災害",
        "restriction_reason": "落石",
        "restriction_started_at": "2026/7/28 18:00",
        "restriction_status": "全面通行止",
        "length_km": 0.3
      },
      "geometry": {
        "type": "LineString",
        "coordinates": [
          [
            131.325058,
            32.911061
          ],
          [
            131.325108,
            32.91105
          ],
          [
            131.325167,
            32.911029
          ],
          [
            131.325333,
            32.911025
          ]
        ]
      }
    },
    {
      "type": "Feature",
      "id": "mlit-2026-kumamoto-road-restriction-006",
      "properties": {
        "classification": "OBSERVED_PUBLIC",
        "source_feature_index": 5,
        "prefecture": "熊本県",
        "municipality": "熊本市",
        "road_kind": "都道府県道",
        "route_name": "主要地方道 熊本嘉島線",
        "restriction_kind": "災害",
        "restriction_reason": "道路損壊",
        "restriction_started_at": "2026/7/28 22:00",
        "restriction_status": "全面通行止",
        "length_km": 2.5
      },
      "geometry": {
        "type": "LineString",
        "coordinates": [
          [
            130.680461,
            32.729415
          ],
          [
            130.680508,
            32.729375
          ],
          [
            130.680563,
            32.72935
          ],
          [
            130.680642,
            32.729333
          ],
          [
            130.680721,
            32.729325
          ],
          [
            130.680813,
            32.729325
          ],
          [
            130.680888,
            32.729329
          ],
          [
            130.680963,
            32.729338
          ],
          [
            130.681113,
            32.729367
          ],
          [
            130.681417,
            32.729396
          ],
          [
            130.6817,
            32.729442
          ],
          [
            130.681829,
            32.729454
          ],
          [
            130.682092,
            32.729475
          ],
          [
            130.682496,
            32.729492
          ],
          [
            130.682904,
            32.729521
          ],
          [
            130.683025,
            32.729529
          ],
          [
            130.683471,
            32.729542
          ],
          [
            130.684317,
            32.729563
          ],
          [
            130.684487,
            32.729575
          ],
          [
            130.684642,
            32.729592
          ],
          [
            130.684804,
            32.729613
          ],
          [
            130.684946,
            32.729638
          ],
          [
            130.685079,
            32.729671
          ],
          [
            130.685183,
            32.729696
          ],
          [
            130.685275,
            32.729729
          ],
          [
            130.685408,
            32.729779
          ],
          [
            130.685542,
            32.729838
          ],
          [
            130.685683,
            32.729908
          ],
          [
            130.685871,
            32.730004
          ],
          [
            130.686067,
            32.730112
          ],
          [
            130.686508,
            32.730367
          ],
          [
            130.686992,
            32.730621
          ],
          [
            130.687537,
            32.730938
          ],
          [
            130.687767,
            32.731079
          ],
          [
            130.687946,
            32.731192
          ],
          [
            130.688713,
            32.731692
          ],
          [
            130.689267,
            32.732058
          ],
          [
            130.689912,
            32.732479
          ],
          [
            130.690042,
            32.732567
          ],
          [
            130.690154,
            32.732646
          ],
          [
            130.690283,
            32.732746
          ],
          [
            130.69045,
            32.732883
          ],
          [
            130.690558,
            32.732979
          ],
          [
            130.690663,
            32.733079
          ],
          [
            130.690746,
            32.733167
          ],
          [
            130.690821,
            32.733258
          ],
          [
            130.690888,
            32.733354
          ],
          [
            130.690967,
            32.733467
          ],
          [
            130.691167,
            32.733788
          ],
          [
            130.69125,
            32.733921
          ],
          [
            130.691292,
            32.733983
          ],
          [
            130.691333,
            32.734038
          ],
          [
            130.691387,
            32.7341
          ],
          [
            130.691446,
            32.734162
          ],
          [
            130.691633,
            32.734338
          ],
          [
            130.692254,
            32.734904
          ],
          [
            130.6929,
            32.73545
          ],
          [
            130.693013,
            32.735542
          ],
          [
            130.693125,
            32.735625
          ],
          [
            130.693212,
            32.735687
          ],
          [
            130.693383,
            32.7358
          ],
          [
            130.693517,
            32.735883
          ],
          [
            130.693654,
            32.735967
          ],
          [
            130.694013,
            32.736163
          ],
          [
            130.694246,
            32.736288
          ],
          [
            130.694433,
            32.736379
          ],
          [
            130.694538,
            32.736425
          ],
          [
            130.694658,
            32.736475
          ],
          [
            130.694796,
            32.736525
          ],
          [
            130.694963,
            32.736583
          ],
          [
            130.695079,
            32.736621
          ],
          [
            130.695196,
            32.736654
          ],
          [
            130.695308,
            32.736679
          ],
          [
            130.695458,
            32.736713
          ],
          [
            130.695858,
            32.7368
          ],
          [
            130.696179,
            32.736879
          ],
          [
            130.696538,
            32.736979
          ],
          [
            130.696967,
            32.737113
          ],
          [
            130.697221,
            32.7372
          ],
          [
            130.698142,
            32.737496
          ],
          [
            130.698458,
            32.737596
          ],
          [
            130.698629,
            32.737633
          ],
          [
            130.698942,
            32.737688
          ],
          [
            130.699192,
            32.737713
          ],
          [
            130.699446,
            32.737738
          ],
          [
            130.699721,
            32.73775
          ],
          [
            130.700346,
            32.73775
          ],
          [
            130.701342,
            32.737771
          ],
          [
            130.701988,
            32.737771
          ],
          [
            130.702446,
            32.737763
          ],
          [
            130.703183,
            32.737746
          ],
          [
            130.704213,
            32.737758
          ],
          [
            130.704427,
            32.73775
          ]
        ]
      }
    },
    {
      "type": "Feature",
      "id": "mlit-2026-kumamoto-road-restriction-007",
      "properties": {
        "classification": "OBSERVED_PUBLIC",
        "source_feature_index": 6,
        "prefecture": "熊本県",
        "municipality": "八代市",
        "road_kind": "都道府県道",
        "route_name": "県道42号八代鏡線",
        "restriction_kind": "災害",
        "restriction_reason": "橋梁損傷",
        "restriction_started_at": "2026/7/28 19:00",
        "restriction_status": "全面通行止",
        "length_km": 0.3
      },
      "geometry": {
        "type": "LineString",
        "coordinates": [
          [
            130.599468,
            32.494755
          ],
          [
            130.600429,
            32.492271
          ],
          [
            130.600462,
            32.492183
          ],
          [
            130.600526,
            32.49202
          ]
        ]
      }
    },
    {
      "type": "Feature",
      "id": "mlit-2026-kumamoto-road-restriction-008",
      "properties": {
        "classification": "OBSERVED_PUBLIC",
        "source_feature_index": 7,
        "prefecture": "熊本県",
        "municipality": "山都町",
        "road_kind": "都道府県道",
        "route_name": "県道152号稲生野甲佐線",
        "restriction_kind": "災害",
        "restriction_reason": "落石",
        "restriction_started_at": "2026/7/28 19:00",
        "restriction_status": "全面通行止",
        "length_km": 2.3
      },
      "geometry": {
        "type": "LineString",
        "coordinates": [
          [
            130.932103,
            32.730438
          ],
          [
            130.932117,
            32.730317
          ],
          [
            130.932125,
            32.730192
          ],
          [
            130.932125,
            32.7301
          ],
          [
            130.932108,
            32.730013
          ],
          [
            130.932083,
            32.729933
          ],
          [
            130.932042,
            32.729858
          ],
          [
            130.931987,
            32.729788
          ],
          [
            130.931921,
            32.729729
          ],
          [
            130.931846,
            32.729671
          ],
          [
            130.93175,
            32.729617
          ],
          [
            130.931721,
            32.7296
          ],
          [
            130.931525,
            32.729504
          ],
          [
            130.931296,
            32.729392
          ],
          [
            130.931138,
            32.729304
          ],
          [
            130.931058,
            32.729254
          ],
          [
            130.931,
            32.729221
          ],
          [
            130.93095,
            32.729179
          ],
          [
            130.930871,
            32.729108
          ],
          [
            130.930804,
            32.729046
          ],
          [
            130.930729,
            32.728942
          ],
          [
            130.930267,
            32.728442
          ],
          [
            130.929846,
            32.727892
          ],
          [
            130.929413,
            32.727342
          ],
          [
            130.929292,
            32.727188
          ],
          [
            130.929267,
            32.727137
          ],
          [
            130.929267,
            32.727013
          ],
          [
            130.929258,
            32.726871
          ],
          [
            130.92925,
            32.726813
          ],
          [
            130.929213,
            32.72675
          ],
          [
            130.929138,
            32.72665
          ],
          [
            130.929025,
            32.726525
          ],
          [
            130.928896,
            32.726404
          ],
          [
            130.928758,
            32.726313
          ],
          [
            130.928625,
            32.726246
          ],
          [
            130.928533,
            32.726188
          ],
          [
            130.928479,
            32.726121
          ],
          [
            130.928338,
            32.725788
          ],
          [
            130.928283,
            32.725721
          ],
          [
            130.928196,
            32.725679
          ],
          [
            130.928054,
            32.725637
          ],
          [
            130.927871,
            32.725567
          ],
          [
            130.927758,
            32.725504
          ],
          [
            130.927242,
            32.725138
          ],
          [
            130.927063,
            32.724992
          ],
          [
            130.926875,
            32.724813
          ],
          [
            130.926729,
            32.72465
          ],
          [
            130.926413,
            32.724258
          ],
          [
            130.926363,
            32.724163
          ],
          [
            130.926333,
            32.72405
          ],
          [
            130.926304,
            32.723758
          ],
          [
            130.926283,
            32.723663
          ],
          [
            130.926212,
            32.723538
          ],
          [
            130.926092,
            32.723392
          ],
          [
            130.925929,
            32.723238
          ],
          [
            130.9257,
            32.723037
          ],
          [
            130.924954,
            32.722513
          ],
          [
            130.924117,
            32.721987
          ],
          [
            130.924021,
            32.721958
          ],
          [
            130.923892,
            32.721962
          ],
          [
            130.923717,
            32.721992
          ],
          [
            130.923313,
            32.722108
          ],
          [
            130.923154,
            32.722133
          ],
          [
            130.923021,
            32.722138
          ],
          [
            130.922875,
            32.722121
          ],
          [
            130.922417,
            32.722033
          ],
          [
            130.922262,
            32.721987
          ],
          [
            130.921871,
            32.721829
          ],
          [
            130.921792,
            32.721775
          ],
          [
            130.921767,
            32.721713
          ],
          [
            130.921767,
            32.7205
          ],
          [
            130.921779,
            32.7204
          ],
          [
            130.9218,
            32.720329
          ],
          [
            130.921863,
            32.720258
          ],
          [
            130.922046,
            32.720146
          ],
          [
            130.922129,
            32.720088
          ],
          [
            130.922167,
            32.720017
          ],
          [
            130.922175,
            32.7199
          ],
          [
            130.922163,
            32.719692
          ],
          [
            130.922125,
            32.719329
          ],
          [
            130.9221,
            32.719242
          ],
          [
            130.922029,
            32.719179
          ],
          [
            130.921942,
            32.719146
          ],
          [
            130.921429,
            32.719012
          ],
          [
            130.921346,
            32.718979
          ],
          [
            130.921254,
            32.718933
          ],
          [
            130.920733,
            32.718629
          ],
          [
            130.920621,
            32.7186
          ],
          [
            130.9205,
            32.718617
          ],
          [
            130.920196,
            32.718671
          ],
          [
            130.919996,
            32.718683
          ],
          [
            130.919792,
            32.718667
          ],
          [
            130.919483,
            32.718625
          ],
          [
            130.919312,
            32.718567
          ],
          [
            130.919192,
            32.718504
          ],
          [
            130.919092,
            32.718417
          ],
          [
            130.9189,
            32.718254
          ],
          [
            130.918688,
            32.718038
          ],
          [
            130.918358,
            32.717654
          ],
          [
            130.918113,
            32.717375
          ],
          [
            130.91795,
            32.717208
          ],
          [
            130.917775,
            32.717058
          ],
          [
            130.917545,
            32.716897
          ]
        ]
      }
    },
    {
      "type": "Feature",
      "id": "mlit-2026-kumamoto-road-restriction-009",
      "properties": {
        "classification": "OBSERVED_PUBLIC",
        "source_feature_index": 8,
        "prefecture": "熊本県",
        "municipality": "甲佐町",
        "road_kind": "都道府県道",
        "route_name": "県道220号三本松甲佐線",
        "restriction_kind": "災害",
        "restriction_reason": "落石",
        "restriction_started_at": "2026/7/28 19:00",
        "restriction_status": "全面通行止",
        "length_km": 0.55
      },
      "geometry": {
        "type": "LineString",
        "coordinates": [
          [
            130.848402,
            32.649498
          ],
          [
            130.848588,
            32.649588
          ],
          [
            130.848863,
            32.649679
          ],
          [
            130.849313,
            32.649854
          ],
          [
            130.849675,
            32.650046
          ],
          [
            130.8502,
            32.650329
          ],
          [
            130.850683,
            32.650604
          ],
          [
            130.850983,
            32.650771
          ],
          [
            130.851158,
            32.650888
          ],
          [
            130.851363,
            32.651029
          ],
          [
            130.851508,
            32.651108
          ],
          [
            130.852367,
            32.6516
          ],
          [
            130.852929,
            32.651929
          ],
          [
            130.853113,
            32.652038
          ],
          [
            130.853407,
            32.652178
          ]
        ]
      }
    },
    {
      "type": "Feature",
      "id": "mlit-2026-kumamoto-road-restriction-010",
      "properties": {
        "classification": "OBSERVED_PUBLIC",
        "source_feature_index": 9,
        "prefecture": "熊本県",
        "municipality": "甲佐町",
        "road_kind": "都道府県道",
        "route_name": "県道240号今吉野甲佐線",
        "restriction_kind": "災害",
        "restriction_reason": "橋梁損傷",
        "restriction_started_at": "2026/7/28 19:00",
        "restriction_status": "全面通行止",
        "length_km": 1.2
      },
      "geometry": {
        "type": "LineString",
        "coordinates": [
          [
            130.765893,
            32.691126
          ],
          [
            130.766046,
            32.690929
          ],
          [
            130.766296,
            32.690663
          ],
          [
            130.766529,
            32.690458
          ],
          [
            130.766713,
            32.690308
          ],
          [
            130.767142,
            32.690013
          ],
          [
            130.767658,
            32.689717
          ],
          [
            130.767929,
            32.689575
          ],
          [
            130.768138,
            32.689458
          ],
          [
            130.768837,
            32.689071
          ],
          [
            130.769121,
            32.688883
          ],
          [
            130.76935,
            32.68865
          ],
          [
            130.7697,
            32.688146
          ],
          [
            130.769838,
            32.688004
          ],
          [
            130.769971,
            32.687908
          ],
          [
            130.770171,
            32.687813
          ],
          [
            130.772237,
            32.687112
          ],
          [
            130.773542,
            32.686758
          ],
          [
            130.774283,
            32.686575
          ],
          [
            130.774725,
            32.686429
          ],
          [
            130.776467,
            32.685858
          ],
          [
            130.776755,
            32.685754
          ]
        ]
      }
    },
    {
      "type": "Feature",
      "id": "mlit-2026-kumamoto-road-restriction-011",
      "properties": {
        "classification": "OBSERVED_PUBLIC",
        "source_feature_index": 10,
        "prefecture": "熊本県",
        "municipality": "御船町",
        "road_kind": "都道府県道",
        "route_name": "県道239号御船甲佐線",
        "restriction_kind": "災害",
        "restriction_reason": "橋梁損傷",
        "restriction_started_at": "2026/7/28 19:00",
        "restriction_status": "全面通行止",
        "length_km": 0.3
      },
      "geometry": {
        "type": "LineString",
        "coordinates": [
          [
            130.784455,
            32.716248
          ],
          [
            130.784525,
            32.716283
          ],
          [
            130.785179,
            32.716621
          ],
          [
            130.785267,
            32.716654
          ],
          [
            130.78535,
            32.716667
          ],
          [
            130.785446,
            32.716663
          ],
          [
            130.785546,
            32.71665
          ],
          [
            130.785688,
            32.716617
          ],
          [
            130.785746,
            32.716604
          ],
          [
            130.785812,
            32.7166
          ],
          [
            130.785908,
            32.716608
          ],
          [
            130.786,
            32.716637
          ],
          [
            130.786063,
            32.716688
          ],
          [
            130.786121,
            32.716742
          ],
          [
            130.786179,
            32.716808
          ],
          [
            130.786333,
            32.717017
          ],
          [
            130.786558,
            32.717313
          ],
          [
            130.786988,
            32.717879
          ],
          [
            130.787019,
            32.717921
          ]
        ]
      }
    },
    {
      "type": "Feature",
      "id": "mlit-2026-kumamoto-road-restriction-012",
      "properties": {
        "classification": "OBSERVED_PUBLIC",
        "source_feature_index": 11,
        "prefecture": "熊本県",
        "municipality": "八代市",
        "road_kind": "都道府県道",
        "route_name": "県道338号八代不知火線",
        "restriction_kind": "災害",
        "restriction_reason": "橋梁損傷",
        "restriction_started_at": "2026/7/28 19:00",
        "restriction_status": "全面通行止",
        "length_km": 0.18
      },
      "geometry": {
        "type": "LineString",
        "coordinates": [
          [
            130.620629,
            32.551565
          ],
          [
            130.620846,
            32.551704
          ],
          [
            130.621087,
            32.551846
          ],
          [
            130.621646,
            32.552204
          ],
          [
            130.621708,
            32.55225
          ],
          [
            130.621838,
            32.552338
          ],
          [
            130.622129,
            32.552531
          ]
        ]
      }
    },
    {
      "type": "Feature",
      "id": "mlit-2026-kumamoto-road-restriction-013",
      "properties": {
        "classification": "OBSERVED_PUBLIC",
        "source_feature_index": 12,
        "prefecture": "熊本県",
        "municipality": "山都町",
        "road_kind": "都道府県道",
        "route_name": "県道152号稲生野甲佐線",
        "restriction_kind": "災害",
        "restriction_reason": "道路損壊",
        "restriction_started_at": "2026/7/28 19:00",
        "restriction_status": "全面通行止",
        "length_km": 2.3
      },
      "geometry": {
        "type": "LineString",
        "coordinates": [
          [
            130.932103,
            32.730438
          ],
          [
            130.932117,
            32.730317
          ],
          [
            130.932125,
            32.730192
          ],
          [
            130.932125,
            32.7301
          ],
          [
            130.932108,
            32.730013
          ],
          [
            130.932083,
            32.729933
          ],
          [
            130.932042,
            32.729858
          ],
          [
            130.931987,
            32.729788
          ],
          [
            130.931921,
            32.729729
          ],
          [
            130.931846,
            32.729671
          ],
          [
            130.93175,
            32.729617
          ],
          [
            130.931721,
            32.7296
          ],
          [
            130.931525,
            32.729504
          ],
          [
            130.931296,
            32.729392
          ],
          [
            130.931138,
            32.729304
          ],
          [
            130.931058,
            32.729254
          ],
          [
            130.931,
            32.729221
          ],
          [
            130.93095,
            32.729179
          ],
          [
            130.930871,
            32.729108
          ],
          [
            130.930804,
            32.729046
          ],
          [
            130.930729,
            32.728942
          ],
          [
            130.930267,
            32.728442
          ],
          [
            130.929846,
            32.727892
          ],
          [
            130.929413,
            32.727342
          ],
          [
            130.929292,
            32.727188
          ],
          [
            130.929267,
            32.727137
          ],
          [
            130.929267,
            32.727013
          ],
          [
            130.929258,
            32.726871
          ],
          [
            130.92925,
            32.726813
          ],
          [
            130.929213,
            32.72675
          ],
          [
            130.929138,
            32.72665
          ],
          [
            130.929025,
            32.726525
          ],
          [
            130.928896,
            32.726404
          ],
          [
            130.928758,
            32.726313
          ],
          [
            130.928625,
            32.726246
          ],
          [
            130.928533,
            32.726188
          ],
          [
            130.928479,
            32.726121
          ],
          [
            130.928338,
            32.725788
          ],
          [
            130.928283,
            32.725721
          ],
          [
            130.928196,
            32.725679
          ],
          [
            130.928054,
            32.725637
          ],
          [
            130.927871,
            32.725567
          ],
          [
            130.927758,
            32.725504
          ],
          [
            130.927242,
            32.725138
          ],
          [
            130.927063,
            32.724992
          ],
          [
            130.926875,
            32.724813
          ],
          [
            130.926729,
            32.72465
          ],
          [
            130.926413,
            32.724258
          ],
          [
            130.926363,
            32.724163
          ],
          [
            130.926333,
            32.72405
          ],
          [
            130.926304,
            32.723758
          ],
          [
            130.926283,
            32.723663
          ],
          [
            130.926212,
            32.723538
          ],
          [
            130.926092,
            32.723392
          ],
          [
            130.925929,
            32.723238
          ],
          [
            130.9257,
            32.723037
          ],
          [
            130.924954,
            32.722513
          ],
          [
            130.924117,
            32.721987
          ],
          [
            130.924021,
            32.721958
          ],
          [
            130.923892,
            32.721962
          ],
          [
            130.923717,
            32.721992
          ],
          [
            130.923313,
            32.722108
          ],
          [
            130.923154,
            32.722133
          ],
          [
            130.923021,
            32.722138
          ],
          [
            130.922875,
            32.722121
          ],
          [
            130.922417,
            32.722033
          ],
          [
            130.922262,
            32.721987
          ],
          [
            130.921871,
            32.721829
          ],
          [
            130.921792,
            32.721775
          ],
          [
            130.921767,
            32.721713
          ],
          [
            130.921767,
            32.7205
          ],
          [
            130.921779,
            32.7204
          ],
          [
            130.9218,
            32.720329
          ],
          [
            130.921863,
            32.720258
          ],
          [
            130.922046,
            32.720146
          ],
          [
            130.922129,
            32.720088
          ],
          [
            130.922167,
            32.720017
          ],
          [
            130.922175,
            32.7199
          ],
          [
            130.922163,
            32.719692
          ],
          [
            130.922125,
            32.719329
          ],
          [
            130.9221,
            32.719242
          ],
          [
            130.922029,
            32.719179
          ],
          [
            130.921942,
            32.719146
          ],
          [
            130.921429,
            32.719012
          ],
          [
            130.921346,
            32.718979
          ],
          [
            130.921254,
            32.718933
          ],
          [
            130.920733,
            32.718629
          ],
          [
            130.920621,
            32.7186
          ],
          [
            130.9205,
            32.718617
          ],
          [
            130.920196,
            32.718671
          ],
          [
            130.919996,
            32.718683
          ],
          [
            130.919792,
            32.718667
          ],
          [
            130.919483,
            32.718625
          ],
          [
            130.919312,
            32.718567
          ],
          [
            130.919192,
            32.718504
          ],
          [
            130.919092,
            32.718417
          ],
          [
            130.9189,
            32.718254
          ],
          [
            130.918688,
            32.718038
          ],
          [
            130.918358,
            32.717654
          ],
          [
            130.918113,
            32.717375
          ],
          [
            130.91795,
            32.717208
          ],
          [
            130.917775,
            32.717058
          ],
          [
            130.917545,
            32.716897
          ]
        ]
      }
    },
    {
      "type": "Feature",
      "id": "mlit-2026-kumamoto-road-restriction-014",
      "properties": {
        "classification": "OBSERVED_PUBLIC",
        "source_feature_index": 13,
        "prefecture": "熊本県",
        "municipality": "美里町",
        "road_kind": "都道府県道",
        "route_name": "県道220号三本松甲佐線",
        "restriction_kind": "災害",
        "restriction_reason": "落石",
        "restriction_started_at": "2026/7/28 19:00",
        "restriction_status": "全面通行止",
        "length_km": 0.1
      },
      "geometry": {
        "type": "LineString",
        "coordinates": [
          [
            130.865706,
            32.645433
          ],
          [
            130.865683,
            32.645438
          ],
          [
            130.865446,
            32.645554
          ],
          [
            130.865283,
            32.645571
          ],
          [
            130.865133,
            32.645521
          ],
          [
            130.865033,
            32.645421
          ],
          [
            130.864983,
            32.645313
          ],
          [
            130.864983,
            32.645204
          ],
          [
            130.865011,
            32.64503
          ]
        ]
      }
    },
    {
      "type": "Feature",
      "id": "mlit-2026-kumamoto-road-restriction-015",
      "properties": {
        "classification": "OBSERVED_PUBLIC",
        "source_feature_index": 14,
        "prefecture": "熊本県",
        "municipality": "宇城市",
        "road_kind": "都道府県道",
        "route_name": "県道32号小川嘉島線",
        "restriction_kind": "災害",
        "restriction_reason": "道路損壊",
        "restriction_started_at": "2026/7/28 19:00",
        "restriction_status": "全面通行止",
        "length_km": 0.3
      },
      "geometry": {
        "type": "LineString",
        "coordinates": [
          [
            130.704051,
            32.587236
          ],
          [
            130.704792,
            32.586912
          ],
          [
            130.705208,
            32.586725
          ],
          [
            130.70545,
            32.586617
          ],
          [
            130.705425,
            32.586496
          ],
          [
            130.705383,
            32.586338
          ],
          [
            130.705233,
            32.585837
          ],
          [
            130.705212,
            32.585742
          ],
          [
            130.705204,
            32.585675
          ],
          [
            130.705204,
            32.585608
          ],
          [
            130.705254,
            32.585596
          ],
          [
            130.705304,
            32.585583
          ],
          [
            130.705363,
            32.585567
          ],
          [
            130.70568,
            32.585505
          ]
        ]
      }
    },
    {
      "type": "Feature",
      "id": "mlit-2026-kumamoto-road-restriction-016",
      "properties": {
        "classification": "OBSERVED_PUBLIC",
        "source_feature_index": 15,
        "prefecture": "熊本県",
        "municipality": "宇城市",
        "road_kind": "都道府県道",
        "route_name": "県道105号甲佐小川線",
        "restriction_kind": "災害",
        "restriction_reason": "道路損壊",
        "restriction_started_at": "2026/7/28 19:00",
        "restriction_status": "全面通行止",
        "length_km": 0.19
      },
      "geometry": {
        "type": "LineString",
        "coordinates": [
          [
            130.767228,
            32.590857
          ],
          [
            130.766488,
            32.590517
          ],
          [
            130.765779,
            32.590192
          ],
          [
            130.765355,
            32.590062
          ]
        ]
      }
    },
    {
      "type": "Feature",
      "id": "mlit-2026-kumamoto-road-restriction-017",
      "properties": {
        "classification": "OBSERVED_PUBLIC",
        "source_feature_index": 16,
        "road_kind": "高速道路",
        "route_name": "南九州自動車道",
        "restriction_kind": "災害",
        "restriction_reason": "地震",
        "length_km": null
      },
      "geometry": {
        "type": "LineString",
        "coordinates": [
          [
            130.646424,
            32.50549
          ],
          [
            130.646433,
            32.505342
          ],
          [
            130.646442,
            32.505133
          ],
          [
            130.646488,
            32.504821
          ],
          [
            130.646558,
            32.504263
          ],
          [
            130.646583,
            32.504042
          ],
          [
            130.646562,
            32.503829
          ],
          [
            130.646538,
            32.5037
          ],
          [
            130.646513,
            32.503604
          ],
          [
            130.646425,
            32.503396
          ],
          [
            130.646371,
            32.5033
          ],
          [
            130.646238,
            32.5031
          ],
          [
            130.645896,
            32.502738
          ],
          [
            130.64575,
            32.502579
          ],
          [
            130.645563,
            32.502387
          ],
          [
            130.645412,
            32.502221
          ],
          [
            130.645292,
            32.502067
          ],
          [
            130.645183,
            32.501929
          ],
          [
            130.645033,
            32.501692
          ],
          [
            130.644958,
            32.50155
          ],
          [
            130.644862,
            32.501367
          ],
          [
            130.644796,
            32.501204
          ],
          [
            130.6447,
            32.500954
          ],
          [
            130.644675,
            32.500871
          ],
          [
            130.644625,
            32.500642
          ],
          [
            130.644604,
            32.500521
          ],
          [
            130.644583,
            32.500396
          ],
          [
            130.644563,
            32.500237
          ],
          [
            130.64455,
            32.5
          ],
          [
            130.644658,
            32.4995
          ],
          [
            130.644733,
            32.499
          ],
          [
            130.644817,
            32.498546
          ],
          [
            130.644854,
            32.498175
          ],
          [
            130.644829,
            32.497233
          ],
          [
            130.644692,
            32.496383
          ],
          [
            130.644579,
            32.495858
          ],
          [
            130.644354,
            32.495058
          ],
          [
            130.643971,
            32.494163
          ],
          [
            130.6437,
            32.49365
          ],
          [
            130.643638,
            32.493521
          ],
          [
            130.643408,
            32.493154
          ],
          [
            130.643167,
            32.492808
          ],
          [
            130.642779,
            32.492279
          ],
          [
            130.642463,
            32.491912
          ],
          [
            130.642175,
            32.491625
          ],
          [
            130.641687,
            32.491167
          ],
          [
            130.641321,
            32.490837
          ],
          [
            130.640646,
            32.490329
          ],
          [
            130.640204,
            32.490025
          ],
          [
            130.639729,
            32.489775
          ],
          [
            130.639004,
            32.489433
          ],
          [
            130.638329,
            32.489142
          ],
          [
            130.636771,
            32.488542
          ],
          [
            130.635525,
            32.488058
          ],
          [
            130.635433,
            32.488029
          ],
          [
            130.634496,
            32.487679
          ],
          [
            130.634421,
            32.48765
          ],
          [
            130.632967,
            32.487133
          ],
          [
            130.632575,
            32.486996
          ],
          [
            130.631483,
            32.486633
          ],
          [
            130.629012,
            32.485788
          ],
          [
            130.627554,
            32.485279
          ],
          [
            130.627125,
            32.485108
          ],
          [
            130.626867,
            32.484996
          ],
          [
            130.626579,
            32.484883
          ],
          [
            130.625883,
            32.484558
          ],
          [
            130.625583,
            32.484396
          ],
          [
            130.625133,
            32.484138
          ],
          [
            130.625,
            32.484058
          ],
          [
            130.624896,
            32.483992
          ],
          [
            130.624608,
            32.483825
          ],
          [
            130.624279,
            32.483621
          ],
          [
            130.624058,
            32.483471
          ],
          [
            130.623933,
            32.483388
          ],
          [
            130.62375,
            32.483246
          ],
          [
            130.623504,
            32.483058
          ],
          [
            130.623217,
            32.482833
          ],
          [
            130.622908,
            32.482588
          ],
          [
            130.622679,
            32.482404
          ],
          [
            130.6222,
            32.481983
          ],
          [
            130.621671,
            32.481529
          ],
          [
            130.621267,
            32.481167
          ],
          [
            130.620925,
            32.480854
          ],
          [
            130.620558,
            32.480542
          ],
          [
            130.620283,
            32.480317
          ],
          [
            130.620008,
            32.480096
          ],
          [
            130.619704,
            32.47985
          ],
          [
            130.619338,
            32.479571
          ],
          [
            130.618629,
            32.479083
          ],
          [
            130.617813,
            32.478546
          ],
          [
            130.617325,
            32.478238
          ],
          [
            130.616713,
            32.477846
          ],
          [
            130.616263,
            32.477546
          ],
          [
            130.6156,
            32.477112
          ],
          [
            130.615329,
            32.476946
          ],
          [
            130.615121,
            32.476817
          ],
          [
            130.614829,
            32.476608
          ],
          [
            130.614533,
            32.476383
          ],
          [
            130.614246,
            32.476175
          ],
          [
            130.614004,
            32.475996
          ],
          [
            130.613837,
            32.475867
          ],
          [
            130.613692,
            32.475746
          ],
          [
            130.613554,
            32.475629
          ],
          [
            130.613438,
            32.475525
          ],
          [
            130.613096,
            32.475204
          ],
          [
            130.612879,
            32.474987
          ],
          [
            130.612742,
            32.47485
          ],
          [
            130.612604,
            32.4747
          ],
          [
            130.612458,
            32.474537
          ],
          [
            130.612325,
            32.474383
          ],
          [
            130.6122,
            32.474225
          ],
          [
            130.612004,
            32.473979
          ],
          [
            130.611725,
            32.473629
          ],
          [
            130.611496,
            32.473329
          ],
          [
            130.6113,
            32.473079
          ],
          [
            130.611221,
            32.472979
          ],
          [
            130.611188,
            32.472933
          ],
          [
            130.610967,
            32.472633
          ],
          [
            130.61065,
            32.472221
          ],
          [
            130.610458,
            32.471975
          ],
          [
            130.610179,
            32.471596
          ],
          [
            130.610046,
            32.471421
          ],
          [
            130.609971,
            32.471325
          ],
          [
            130.609933,
            32.471275
          ],
          [
            130.609738,
            32.471013
          ],
          [
            130.609475,
            32.470683
          ],
          [
            130.609083,
            32.470192
          ],
          [
            130.608042,
            32.468846
          ],
          [
            130.607804,
            32.468508
          ],
          [
            130.607692,
            32.468354
          ],
          [
            130.607525,
            32.468137
          ],
          [
            130.607375,
            32.46795
          ],
          [
            130.60725,
            32.467804
          ],
          [
            130.607158,
            32.4677
          ],
          [
            130.607071,
            32.467608
          ],
          [
            130.606888,
            32.467429
          ],
          [
            130.606729,
            32.467283
          ],
          [
            130.606483,
            32.467058
          ],
          [
            130.606321,
            32.466921
          ],
          [
            130.60615,
            32.466788
          ],
          [
            130.605992,
            32.466671
          ],
          [
            130.605796,
            32.466538
          ],
          [
            130.605379,
            32.466283
          ],
          [
            130.604979,
            32.466038
          ],
          [
            130.604354,
            32.465679
          ],
          [
            130.604212,
            32.465608
          ],
          [
            130.60335,
            32.465137
          ],
          [
            130.602929,
            32.464908
          ],
          [
            130.602162,
            32.464475
          ],
          [
            130.600558,
            32.463575
          ],
          [
            130.600088,
            32.463304
          ],
          [
            130.599054,
            32.462725
          ],
          [
            130.598075,
            32.462188
          ],
          [
            130.59775,
            32.462013
          ],
          [
            130.597358,
            32.461796
          ],
          [
            130.596429,
            32.461267
          ],
          [
            130.595642,
            32.460833
          ],
          [
            130.592704,
            32.4592
          ],
          [
            130.591938,
            32.458783
          ],
          [
            130.591388,
            32.458471
          ],
          [
            130.591067,
            32.458292
          ],
          [
            130.590938,
            32.458217
          ],
          [
            130.590408,
            32.457917
          ],
          [
            130.590033,
            32.457692
          ],
          [
            130.589592,
            32.457404
          ],
          [
            130.589413,
            32.457288
          ],
          [
            130.589238,
            32.457154
          ],
          [
            130.588988,
            32.456958
          ],
          [
            130.588771,
            32.456775
          ],
          [
            130.588596,
            32.456633
          ],
          [
            130.588475,
            32.456533
          ],
          [
            130.588375,
            32.45645
          ],
          [
            130.588221,
            32.456308
          ],
          [
            130.588104,
            32.456196
          ],
          [
            130.587983,
            32.456075
          ],
          [
            130.587879,
            32.455967
          ],
          [
            130.587754,
            32.455838
          ],
          [
            130.587521,
            32.455579
          ],
          [
            130.587396,
            32.455433
          ],
          [
            130.587292,
            32.455312
          ],
          [
            130.587196,
            32.4552
          ],
          [
            130.587075,
            32.455042
          ],
          [
            130.586833,
            32.454692
          ],
          [
            130.586475,
            32.454167
          ],
          [
            130.585921,
            32.453354
          ],
          [
            130.585504,
            32.452729
          ],
          [
            130.585017,
            32.451963
          ],
          [
            130.5845,
            32.451154
          ],
          [
            130.584192,
            32.450683
          ],
          [
            130.583383,
            32.449383
          ],
          [
            130.582992,
            32.448763
          ],
          [
            130.582504,
            32.448046
          ],
          [
            130.582175,
            32.447629
          ],
          [
            130.581988,
            32.447379
          ],
          [
            130.581817,
            32.447158
          ],
          [
            130.581729,
            32.447042
          ],
          [
            130.581554,
            32.446829
          ],
          [
            130.581375,
            32.446629
          ],
          [
            130.581096,
            32.446342
          ],
          [
            130.580408,
            32.445604
          ],
          [
            130.579213,
            32.444387
          ],
          [
            130.578579,
            32.443717
          ],
          [
            130.577675,
            32.442742
          ],
          [
            130.577304,
            32.442354
          ],
          [
            130.577167,
            32.442196
          ],
          [
            130.577013,
            32.442025
          ],
          [
            130.5767,
            32.441646
          ],
          [
            130.576438,
            32.441313
          ],
          [
            130.576083,
            32.440896
          ],
          [
            130.575912,
            32.440708
          ],
          [
            130.575846,
            32.440629
          ],
          [
            130.575783,
            32.44055
          ],
          [
            130.575725,
            32.440471
          ],
          [
            130.575683,
            32.440408
          ],
          [
            130.575554,
            32.4402
          ],
          [
            130.575229,
            32.439642
          ],
          [
            130.574967,
            32.439163
          ],
          [
            130.574333,
            32.438063
          ],
          [
            130.574038,
            32.437542
          ],
          [
            130.573854,
            32.437225
          ],
          [
            130.573738,
            32.437038
          ],
          [
            130.573642,
            32.4369
          ],
          [
            130.573458,
            32.436629
          ],
          [
            130.573296,
            32.436408
          ],
          [
            130.573,
            32.436037
          ],
          [
            130.572775,
            32.435779
          ],
          [
            130.57255,
            32.435542
          ],
          [
            130.572371,
            32.435354
          ],
          [
            130.572183,
            32.435187
          ],
          [
            130.571825,
            32.43485
          ],
          [
            130.570788,
            32.433896
          ],
          [
            130.570246,
            32.433396
          ],
          [
            130.569088,
            32.432321
          ],
          [
            130.568075,
            32.431283
          ],
          [
            130.568041,
            32.43125
          ]
        ]
      }
    },
    {
      "type": "Feature",
      "id": "mlit-2026-kumamoto-road-restriction-018",
      "properties": {
        "classification": "OBSERVED_PUBLIC",
        "source_feature_index": 17,
        "road_kind": "高速道路",
        "route_name": "九州自動車道",
        "restriction_kind": "点検",
        "restriction_reason": "地震",
        "length_km": null
      },
      "geometry": {
        "type": "LineString",
        "coordinates": [
          [
            130.768605,
            32.233106
          ],
          [
            130.769062,
            32.232887
          ],
          [
            130.770317,
            32.232308
          ],
          [
            130.770646,
            32.232163
          ],
          [
            130.770833,
            32.232075
          ],
          [
            130.771171,
            32.231904
          ],
          [
            130.77215,
            32.231417
          ],
          [
            130.772838,
            32.231042
          ],
          [
            130.773433,
            32.230683
          ],
          [
            130.774146,
            32.230208
          ],
          [
            130.775179,
            32.229462
          ],
          [
            130.775904,
            32.228829
          ],
          [
            130.776629,
            32.228104
          ],
          [
            130.777092,
            32.227604
          ],
          [
            130.777454,
            32.227179
          ],
          [
            130.777917,
            32.226613
          ],
          [
            130.778529,
            32.225654
          ],
          [
            130.778842,
            32.225071
          ],
          [
            130.779329,
            32.224046
          ],
          [
            130.779596,
            32.223379
          ],
          [
            130.779812,
            32.22275
          ],
          [
            130.779946,
            32.222288
          ],
          [
            130.780183,
            32.221304
          ],
          [
            130.780254,
            32.220829
          ],
          [
            130.780313,
            32.220346
          ],
          [
            130.780333,
            32.219996
          ],
          [
            130.780333,
            32.219829
          ],
          [
            130.780342,
            32.219433
          ],
          [
            130.780283,
            32.218658
          ],
          [
            130.780225,
            32.218354
          ],
          [
            130.780079,
            32.217817
          ],
          [
            130.779963,
            32.217463
          ],
          [
            130.779846,
            32.217183
          ],
          [
            130.779525,
            32.216529
          ],
          [
            130.779208,
            32.216038
          ],
          [
            130.778908,
            32.215621
          ],
          [
            130.778313,
            32.214954
          ],
          [
            130.777683,
            32.214296
          ],
          [
            130.776333,
            32.212883
          ],
          [
            130.775617,
            32.21215
          ],
          [
            130.775104,
            32.211613
          ],
          [
            130.774988,
            32.211496
          ],
          [
            130.774529,
            32.211
          ],
          [
            130.773829,
            32.210212
          ],
          [
            130.773608,
            32.2099
          ],
          [
            130.773375,
            32.209525
          ],
          [
            130.773175,
            32.209142
          ],
          [
            130.773067,
            32.208888
          ],
          [
            130.772821,
            32.208192
          ],
          [
            130.772687,
            32.207592
          ],
          [
            130.772629,
            32.206783
          ],
          [
            130.77265,
            32.206204
          ],
          [
            130.772738,
            32.205633
          ],
          [
            130.772783,
            32.205396
          ],
          [
            130.772929,
            32.204837
          ],
          [
            130.773175,
            32.204067
          ],
          [
            130.773292,
            32.203738
          ],
          [
            130.773675,
            32.202867
          ],
          [
            130.773708,
            32.202796
          ],
          [
            130.773746,
            32.202725
          ],
          [
            130.774117,
            32.202042
          ],
          [
            130.774442,
            32.201508
          ],
          [
            130.774946,
            32.200796
          ],
          [
            130.775613,
            32.199967
          ],
          [
            130.776042,
            32.199467
          ],
          [
            130.776554,
            32.19885
          ],
          [
            130.776946,
            32.198308
          ],
          [
            130.777158,
            32.197942
          ],
          [
            130.777288,
            32.197621
          ],
          [
            130.777379,
            32.197404
          ],
          [
            130.777513,
            32.197042
          ],
          [
            130.777688,
            32.196446
          ],
          [
            130.777817,
            32.195821
          ],
          [
            130.777875,
            32.195404
          ],
          [
            130.777892,
            32.194787
          ],
          [
            130.777879,
            32.194508
          ],
          [
            130.777854,
            32.1942
          ],
          [
            130.777792,
            32.19375
          ],
          [
            130.777696,
            32.193329
          ],
          [
            130.777492,
            32.192571
          ],
          [
            130.7772,
            32.191583
          ],
          [
            130.777029,
            32.191
          ],
          [
            130.776987,
            32.190829
          ],
          [
            130.776917,
            32.190533
          ],
          [
            130.77685,
            32.190208
          ],
          [
            130.776792,
            32.189742
          ],
          [
            130.776754,
            32.189317
          ],
          [
            130.776758,
            32.188704
          ],
          [
            130.776804,
            32.188179
          ],
          [
            130.776883,
            32.18775
          ],
          [
            130.776979,
            32.187379
          ],
          [
            130.777117,
            32.186958
          ],
          [
            130.777346,
            32.186383
          ],
          [
            130.777433,
            32.186208
          ],
          [
            130.777604,
            32.185896
          ],
          [
            130.777733,
            32.185688
          ],
          [
            130.777929,
            32.185387
          ],
          [
            130.778088,
            32.185175
          ],
          [
            130.778267,
            32.184946
          ],
          [
            130.7786,
            32.184563
          ],
          [
            130.778996,
            32.184183
          ],
          [
            130.779092,
            32.1841
          ],
          [
            130.77935,
            32.183867
          ],
          [
            130.779854,
            32.183433
          ],
          [
            130.780129,
            32.183225
          ],
          [
            130.781083,
            32.182521
          ],
          [
            130.782779,
            32.181429
          ],
          [
            130.783763,
            32.180813
          ],
          [
            130.784758,
            32.180158
          ],
          [
            130.785708,
            32.179492
          ],
          [
            130.786321,
            32.179038
          ],
          [
            130.786958,
            32.1785
          ],
          [
            130.787504,
            32.177992
          ],
          [
            130.787921,
            32.177575
          ],
          [
            130.788283,
            32.177163
          ],
          [
            130.788521,
            32.176863
          ],
          [
            130.788842,
            32.176425
          ],
          [
            130.789129,
            32.176
          ],
          [
            130.789371,
            32.175562
          ],
          [
            130.789592,
            32.175067
          ],
          [
            130.78975,
            32.174729
          ],
          [
            130.790058,
            32.173921
          ],
          [
            130.790513,
            32.17265
          ],
          [
            130.790783,
            32.172058
          ],
          [
            130.791208,
            32.171321
          ],
          [
            130.791767,
            32.170467
          ],
          [
            130.792004,
            32.1701
          ],
          [
            130.792358,
            32.169533
          ],
          [
            130.792583,
            32.169067
          ],
          [
            130.792729,
            32.168687
          ],
          [
            130.792813,
            32.168333
          ],
          [
            130.792883,
            32.167975
          ],
          [
            130.792946,
            32.167521
          ],
          [
            130.793046,
            32.166667
          ],
          [
            130.793088,
            32.166329
          ],
          [
            130.793179,
            32.165821
          ],
          [
            130.79335,
            32.165188
          ],
          [
            130.793571,
            32.164554
          ],
          [
            130.794083,
            32.163383
          ],
          [
            130.794242,
            32.162942
          ],
          [
            130.794338,
            32.162654
          ],
          [
            130.794479,
            32.162033
          ],
          [
            130.794542,
            32.161513
          ],
          [
            130.794571,
            32.161146
          ],
          [
            130.794571,
            32.160625
          ],
          [
            130.794533,
            32.160158
          ],
          [
            130.7944,
            32.159329
          ],
          [
            130.794288,
            32.158825
          ],
          [
            130.794033,
            32.157904
          ],
          [
            130.793758,
            32.156825
          ],
          [
            130.793633,
            32.156238
          ],
          [
            130.793575,
            32.15595
          ],
          [
            130.793542,
            32.155642
          ],
          [
            130.793504,
            32.155108
          ],
          [
            130.793488,
            32.154829
          ],
          [
            130.793525,
            32.154254
          ],
          [
            130.793575,
            32.153967
          ],
          [
            130.793646,
            32.153613
          ],
          [
            130.793813,
            32.153083
          ],
          [
            130.794042,
            32.152575
          ],
          [
            130.794329,
            32.152058
          ],
          [
            130.794525,
            32.151796
          ],
          [
            130.794908,
            32.151283
          ],
          [
            130.795592,
            32.150546
          ],
          [
            130.796038,
            32.150087
          ],
          [
            130.796721,
            32.149383
          ],
          [
            130.797075,
            32.149008
          ],
          [
            130.797533,
            32.148475
          ],
          [
            130.797858,
            32.148021
          ],
          [
            130.798117,
            32.147592
          ],
          [
            130.798338,
            32.147183
          ],
          [
            130.798512,
            32.146758
          ],
          [
            130.798675,
            32.146296
          ],
          [
            130.798821,
            32.145642
          ],
          [
            130.798938,
            32.144858
          ],
          [
            130.798971,
            32.144496
          ],
          [
            130.799075,
            32.143421
          ],
          [
            130.799163,
            32.142821
          ],
          [
            130.799242,
            32.142496
          ],
          [
            130.799304,
            32.142263
          ],
          [
            130.799483,
            32.14175
          ],
          [
            130.799692,
            32.141317
          ],
          [
            130.800013,
            32.140783
          ],
          [
            130.800258,
            32.140425
          ],
          [
            130.8005,
            32.140108
          ],
          [
            130.800779,
            32.139796
          ],
          [
            130.801404,
            32.139079
          ],
          [
            130.801696,
            32.138733
          ],
          [
            130.802454,
            32.137725
          ],
          [
            130.803008,
            32.136958
          ],
          [
            130.803183,
            32.136679
          ],
          [
            130.803388,
            32.136267
          ],
          [
            130.803692,
            32.135533
          ],
          [
            130.803867,
            32.134983
          ],
          [
            130.803892,
            32.134883
          ],
          [
            130.804033,
            32.134288
          ],
          [
            130.804067,
            32.134154
          ],
          [
            130.80415,
            32.133775
          ],
          [
            130.804196,
            32.133483
          ],
          [
            130.804233,
            32.133029
          ],
          [
            130.804225,
            32.132546
          ],
          [
            130.804183,
            32.131521
          ],
          [
            130.804096,
            32.130438
          ],
          [
            130.803946,
            32.129108
          ],
          [
            130.803663,
            32.127438
          ],
          [
            130.803521,
            32.126725
          ],
          [
            130.8027,
            32.123013
          ],
          [
            130.802413,
            32.121738
          ],
          [
            130.801429,
            32.117217
          ],
          [
            130.80125,
            32.116258
          ],
          [
            130.800958,
            32.114825
          ],
          [
            130.800633,
            32.113083
          ],
          [
            130.800283,
            32.111375
          ],
          [
            130.799754,
            32.1087
          ],
          [
            130.799467,
            32.107363
          ],
          [
            130.798742,
            32.104113
          ],
          [
            130.798263,
            32.102004
          ],
          [
            130.797758,
            32.099813
          ],
          [
            130.7976,
            32.099025
          ],
          [
            130.797308,
            32.097858
          ],
          [
            130.79675,
            32.095308
          ],
          [
            130.796017,
            32.091929
          ],
          [
            130.794867,
            32.086775
          ],
          [
            130.794083,
            32.083333
          ],
          [
            130.793383,
            32.080158
          ],
          [
            130.793042,
            32.078571
          ],
          [
            130.792954,
            32.077867
          ],
          [
            130.792954,
            32.076621
          ],
          [
            130.792983,
            32.075592
          ],
          [
            130.793062,
            32.074517
          ],
          [
            130.793096,
            32.074338
          ],
          [
            130.793221,
            32.073887
          ],
          [
            130.793392,
            32.073283
          ],
          [
            130.793683,
            32.072354
          ],
          [
            130.793754,
            32.072162
          ],
          [
            130.793908,
            32.071804
          ],
          [
            130.794208,
            32.071275
          ],
          [
            130.794588,
            32.070738
          ],
          [
            130.794796,
            32.070479
          ],
          [
            130.795,
            32.070233
          ],
          [
            130.795208,
            32.070017
          ],
          [
            130.795658,
            32.06965
          ],
          [
            130.7963,
            32.069167
          ],
          [
            130.796738,
            32.068883
          ],
          [
            130.797163,
            32.068617
          ],
          [
            130.797683,
            32.068329
          ],
          [
            130.799688,
            32.067237
          ],
          [
            130.800296,
            32.066854
          ],
          [
            130.801125,
            32.066329
          ],
          [
            130.801542,
            32.066042
          ],
          [
            130.802088,
            32.065571
          ],
          [
            130.802371,
            32.065279
          ],
          [
            130.802546,
            32.065092
          ],
          [
            130.802946,
            32.064571
          ],
          [
            130.803021,
            32.064446
          ],
          [
            130.803258,
            32.064046
          ],
          [
            130.803396,
            32.063796
          ],
          [
            130.803521,
            32.063529
          ],
          [
            130.803671,
            32.063104
          ],
          [
            130.803733,
            32.062746
          ],
          [
            130.803796,
            32.062075
          ],
          [
            130.803808,
            32.061467
          ],
          [
            130.803742,
            32.060971
          ],
          [
            130.803613,
            32.060379
          ],
          [
            130.803446,
            32.059775
          ],
          [
            130.803017,
            32.05835
          ],
          [
            130.802663,
            32.056929
          ],
          [
            130.8024,
            32.055529
          ],
          [
            130.802175,
            32.054158
          ],
          [
            130.801958,
            32.0529
          ],
          [
            130.801938,
            32.05275
          ],
          [
            130.801825,
            32.052146
          ],
          [
            130.801678,
            32.051308
          ]
        ]
      }
    },
    {
      "type": "Feature",
      "id": "mlit-2026-kumamoto-road-restriction-019",
      "properties": {
        "classification": "OBSERVED_PUBLIC",
        "source_feature_index": 18,
        "road_kind": "高速道路",
        "route_name": "九州自動車道",
        "restriction_kind": "災害",
        "restriction_reason": "地震",
        "length_km": null
      },
      "geometry": {
        "type": "LineString",
        "coordinates": [
          [
            130.789031,
            32.755464
          ],
          [
            130.789042,
            32.755288
          ],
          [
            130.78905,
            32.754792
          ],
          [
            130.789071,
            32.754646
          ],
          [
            130.789108,
            32.754533
          ],
          [
            130.789175,
            32.754413
          ],
          [
            130.789254,
            32.754329
          ],
          [
            130.789321,
            32.754271
          ],
          [
            130.789413,
            32.754213
          ],
          [
            130.7895,
            32.754171
          ],
          [
            130.789571,
            32.75415
          ],
          [
            130.789717,
            32.754112
          ],
          [
            130.790158,
            32.75405
          ],
          [
            130.790767,
            32.753971
          ],
          [
            130.791192,
            32.753908
          ],
          [
            130.791283,
            32.753883
          ],
          [
            130.791383,
            32.753842
          ],
          [
            130.791808,
            32.753775
          ],
          [
            130.792175,
            32.753704
          ],
          [
            130.792504,
            32.753633
          ],
          [
            130.792971,
            32.753517
          ],
          [
            130.7931,
            32.753479
          ],
          [
            130.793438,
            32.753379
          ],
          [
            130.793804,
            32.753258
          ],
          [
            130.794175,
            32.753129
          ],
          [
            130.794742,
            32.7529
          ],
          [
            130.795075,
            32.75275
          ],
          [
            130.795388,
            32.7526
          ],
          [
            130.79555,
            32.752521
          ],
          [
            130.795725,
            32.752425
          ],
          [
            130.79595,
            32.7523
          ],
          [
            130.79625,
            32.752129
          ],
          [
            130.796362,
            32.752054
          ],
          [
            130.796471,
            32.751988
          ],
          [
            130.796658,
            32.751867
          ],
          [
            130.797212,
            32.751509
          ]
        ]
      }
    },
    {
      "type": "Feature",
      "id": "mlit-2026-kumamoto-road-restriction-020",
      "properties": {
        "classification": "OBSERVED_PUBLIC",
        "source_feature_index": 19,
        "road_kind": "高速道路",
        "route_name": "九州自動車道",
        "restriction_kind": "災害",
        "restriction_reason": "地震",
        "length_km": null
      },
      "geometry": {
        "type": "LineString",
        "coordinates": [
          [
            130.789897,
            32.791736
          ],
          [
            130.789925,
            32.791567
          ],
          [
            130.790008,
            32.791092
          ],
          [
            130.790075,
            32.790729
          ],
          [
            130.790129,
            32.790492
          ],
          [
            130.790163,
            32.790342
          ],
          [
            130.790371,
            32.789483
          ],
          [
            130.790446,
            32.789212
          ],
          [
            130.790546,
            32.788904
          ],
          [
            130.790721,
            32.788421
          ],
          [
            130.790975,
            32.787775
          ],
          [
            130.791063,
            32.78755
          ],
          [
            130.791142,
            32.787363
          ],
          [
            130.791229,
            32.787171
          ],
          [
            130.791317,
            32.786988
          ],
          [
            130.791712,
            32.786204
          ],
          [
            130.791979,
            32.785704
          ],
          [
            130.792333,
            32.785075
          ],
          [
            130.792542,
            32.7847
          ],
          [
            130.79275,
            32.784346
          ],
          [
            130.792913,
            32.784058
          ],
          [
            130.793071,
            32.783779
          ],
          [
            130.793167,
            32.783608
          ],
          [
            130.79325,
            32.783454
          ],
          [
            130.793325,
            32.783308
          ],
          [
            130.793379,
            32.783196
          ],
          [
            130.793425,
            32.783096
          ],
          [
            130.793479,
            32.782975
          ],
          [
            130.793529,
            32.78285
          ],
          [
            130.793575,
            32.782729
          ],
          [
            130.793629,
            32.782575
          ],
          [
            130.793679,
            32.782421
          ],
          [
            130.793729,
            32.782263
          ],
          [
            130.793771,
            32.782108
          ],
          [
            130.793813,
            32.781946
          ],
          [
            130.793854,
            32.781767
          ],
          [
            130.793904,
            32.781525
          ],
          [
            130.793954,
            32.781292
          ],
          [
            130.793983,
            32.78115
          ],
          [
            130.794025,
            32.780779
          ],
          [
            130.794038,
            32.780608
          ],
          [
            130.794046,
            32.780496
          ],
          [
            130.794054,
            32.780288
          ],
          [
            130.794054,
            32.780058
          ],
          [
            130.794054,
            32.7799
          ],
          [
            130.79405,
            32.779558
          ],
          [
            130.794029,
            32.779183
          ],
          [
            130.794004,
            32.778971
          ],
          [
            130.793987,
            32.778817
          ],
          [
            130.793971,
            32.778683
          ],
          [
            130.793896,
            32.778233
          ],
          [
            130.793867,
            32.778108
          ],
          [
            130.793804,
            32.777867
          ],
          [
            130.793763,
            32.777725
          ],
          [
            130.793708,
            32.777542
          ],
          [
            130.793604,
            32.777225
          ],
          [
            130.793558,
            32.777092
          ],
          [
            130.793508,
            32.776958
          ],
          [
            130.793454,
            32.776821
          ],
          [
            130.793338,
            32.776525
          ],
          [
            130.793142,
            32.776083
          ],
          [
            130.792796,
            32.775375
          ],
          [
            130.792488,
            32.774779
          ],
          [
            130.791896,
            32.773658
          ],
          [
            130.791425,
            32.77275
          ],
          [
            130.7909,
            32.771683
          ],
          [
            130.790446,
            32.770688
          ],
          [
            130.790254,
            32.770229
          ],
          [
            130.790021,
            32.769625
          ],
          [
            130.789858,
            32.769183
          ],
          [
            130.789738,
            32.768821
          ],
          [
            130.789542,
            32.768217
          ],
          [
            130.789442,
            32.767892
          ],
          [
            130.789075,
            32.766325
          ],
          [
            130.788987,
            32.765887
          ],
          [
            130.788904,
            32.765458
          ],
          [
            130.788863,
            32.765225
          ],
          [
            130.788808,
            32.764892
          ],
          [
            130.788767,
            32.764579
          ],
          [
            130.788704,
            32.7641
          ],
          [
            130.788671,
            32.763763
          ],
          [
            130.788629,
            32.763267
          ],
          [
            130.788583,
            32.762092
          ],
          [
            130.788608,
            32.760621
          ],
          [
            130.788638,
            32.76
          ],
          [
            130.788896,
            32.756283
          ],
          [
            130.788908,
            32.755875
          ],
          [
            130.788912,
            32.755567
          ]
        ]
      }
    },
    {
      "type": "Feature",
      "id": "mlit-2026-kumamoto-road-restriction-021",
      "properties": {
        "classification": "OBSERVED_PUBLIC",
        "source_feature_index": 20,
        "road_kind": "高速道路",
        "route_name": "九州自動車道",
        "restriction_kind": "災害",
        "restriction_reason": "地震",
        "length_km": null
      },
      "geometry": {
        "type": "LineString",
        "coordinates": [
          [
            130.788914,
            32.755465
          ],
          [
            130.788917,
            32.755238
          ],
          [
            130.788908,
            32.754617
          ],
          [
            130.788879,
            32.754071
          ],
          [
            130.788821,
            32.753379
          ],
          [
            130.788746,
            32.752758
          ],
          [
            130.788683,
            32.752258
          ],
          [
            130.788592,
            32.751613
          ],
          [
            130.788333,
            32.750513
          ],
          [
            130.788304,
            32.7504
          ],
          [
            130.788208,
            32.750063
          ],
          [
            130.788192,
            32.75
          ],
          [
            130.788083,
            32.749604
          ],
          [
            130.787708,
            32.748529
          ],
          [
            130.787625,
            32.748296
          ],
          [
            130.787104,
            32.747125
          ],
          [
            130.786658,
            32.746183
          ],
          [
            130.786283,
            32.745512
          ],
          [
            130.78595,
            32.744933
          ],
          [
            130.785658,
            32.744471
          ],
          [
            130.785313,
            32.743929
          ],
          [
            130.784854,
            32.7433
          ],
          [
            130.784529,
            32.742875
          ],
          [
            130.784283,
            32.742567
          ],
          [
            130.783646,
            32.741804
          ],
          [
            130.782679,
            32.740696
          ],
          [
            130.781238,
            32.739087
          ],
          [
            130.780829,
            32.738613
          ],
          [
            130.779667,
            32.737196
          ],
          [
            130.779563,
            32.737071
          ],
          [
            130.779546,
            32.73705
          ],
          [
            130.77855,
            32.735767
          ],
          [
            130.778179,
            32.735262
          ],
          [
            130.777508,
            32.734333
          ],
          [
            130.777475,
            32.734285
          ]
        ]
      }
    },
    {
      "type": "Feature",
      "id": "mlit-2026-kumamoto-road-restriction-022",
      "properties": {
        "classification": "OBSERVED_PUBLIC",
        "source_feature_index": 21,
        "road_kind": "高速道路",
        "route_name": "九州自動車道",
        "restriction_kind": "災害",
        "restriction_reason": "地震",
        "length_km": null
      },
      "geometry": {
        "type": "LineString",
        "coordinates": [
          [
            130.777427,
            32.734213
          ],
          [
            130.777196,
            32.733871
          ],
          [
            130.77695,
            32.733529
          ],
          [
            130.776854,
            32.733383
          ],
          [
            130.7762,
            32.732417
          ],
          [
            130.775554,
            32.731383
          ],
          [
            130.774671,
            32.729925
          ],
          [
            130.774221,
            32.72915
          ],
          [
            130.773433,
            32.727679
          ],
          [
            130.773325,
            32.727471
          ],
          [
            130.773063,
            32.726963
          ],
          [
            130.772675,
            32.726188
          ],
          [
            130.772242,
            32.725288
          ],
          [
            130.771983,
            32.724729
          ],
          [
            130.771467,
            32.723546
          ],
          [
            130.771196,
            32.722921
          ],
          [
            130.770958,
            32.722338
          ],
          [
            130.770771,
            32.721867
          ],
          [
            130.770475,
            32.721096
          ],
          [
            130.770275,
            32.720554
          ],
          [
            130.770054,
            32.719967
          ],
          [
            130.769896,
            32.719567
          ],
          [
            130.769771,
            32.719267
          ],
          [
            130.769704,
            32.719113
          ],
          [
            130.769571,
            32.718813
          ],
          [
            130.7695,
            32.718667
          ],
          [
            130.769408,
            32.718483
          ],
          [
            130.769283,
            32.718242
          ],
          [
            130.769175,
            32.718046
          ],
          [
            130.768938,
            32.71765
          ],
          [
            130.768837,
            32.717496
          ],
          [
            130.768758,
            32.717375
          ],
          [
            130.768688,
            32.717275
          ],
          [
            130.768642,
            32.717208
          ],
          [
            130.768592,
            32.717142
          ],
          [
            130.768546,
            32.717083
          ],
          [
            130.76825,
            32.716729
          ],
          [
            130.768171,
            32.716642
          ],
          [
            130.767763,
            32.716187
          ],
          [
            130.767358,
            32.715787
          ],
          [
            130.766842,
            32.71535
          ],
          [
            130.766196,
            32.714908
          ],
          [
            130.765592,
            32.714492
          ],
          [
            130.763588,
            32.713196
          ],
          [
            130.761725,
            32.711992
          ],
          [
            130.760979,
            32.711496
          ],
          [
            130.7599,
            32.710813
          ],
          [
            130.758675,
            32.710008
          ],
          [
            130.757979,
            32.709533
          ],
          [
            130.757938,
            32.709504
          ],
          [
            130.757475,
            32.709171
          ],
          [
            130.756592,
            32.708421
          ],
          [
            130.755688,
            32.707517
          ],
          [
            130.755504,
            32.707317
          ],
          [
            130.754963,
            32.706696
          ],
          [
            130.754896,
            32.706596
          ],
          [
            130.754654,
            32.706296
          ],
          [
            130.754425,
            32.705992
          ],
          [
            130.7542,
            32.705658
          ],
          [
            130.753879,
            32.705158
          ],
          [
            130.753554,
            32.704646
          ],
          [
            130.753496,
            32.704542
          ],
          [
            130.753112,
            32.70385
          ],
          [
            130.751954,
            32.701913
          ],
          [
            130.751767,
            32.701633
          ],
          [
            130.751121,
            32.70075
          ],
          [
            130.751062,
            32.700675
          ],
          [
            130.750967,
            32.700558
          ],
          [
            130.750742,
            32.700292
          ],
          [
            130.75,
            32.699467
          ],
          [
            130.749604,
            32.699079
          ],
          [
            130.749246,
            32.698754
          ],
          [
            130.748992,
            32.698529
          ],
          [
            130.748729,
            32.698313
          ],
          [
            130.748583,
            32.698196
          ],
          [
            130.748288,
            32.697971
          ],
          [
            130.74795,
            32.697717
          ],
          [
            130.747667,
            32.697517
          ],
          [
            130.747529,
            32.697425
          ],
          [
            130.746958,
            32.697058
          ],
          [
            130.746779,
            32.696946
          ],
          [
            130.746421,
            32.696733
          ],
          [
            130.745908,
            32.696442
          ],
          [
            130.745408,
            32.696183
          ],
          [
            130.744375,
            32.695629
          ],
          [
            130.74395,
            32.695408
          ],
          [
            130.743396,
            32.695108
          ],
          [
            130.742996,
            32.694888
          ],
          [
            130.742879,
            32.694821
          ],
          [
            130.742608,
            32.694667
          ],
          [
            130.741971,
            32.694267
          ],
          [
            130.741662,
            32.69405
          ],
          [
            130.741312,
            32.693808
          ],
          [
            130.740871,
            32.693471
          ],
          [
            130.739683,
            32.69245
          ],
          [
            130.739358,
            32.692138
          ],
          [
            130.738704,
            32.691458
          ],
          [
            130.7385,
            32.691225
          ],
          [
            130.738387,
            32.691096
          ],
          [
            130.738279,
            32.690962
          ],
          [
            130.738158,
            32.690808
          ],
          [
            130.738075,
            32.690692
          ],
          [
            130.737983,
            32.690542
          ],
          [
            130.736912,
            32.688846
          ],
          [
            130.736604,
            32.68835
          ],
          [
            130.736442,
            32.688067
          ],
          [
            130.73635,
            32.687871
          ],
          [
            130.736175,
            32.687529
          ],
          [
            130.735908,
            32.687029
          ],
          [
            130.735471,
            32.686229
          ],
          [
            130.735325,
            32.685971
          ],
          [
            130.735217,
            32.685788
          ],
          [
            130.735104,
            32.685612
          ],
          [
            130.734967,
            32.685404
          ],
          [
            130.734708,
            32.685033
          ],
          [
            130.734321,
            32.684483
          ],
          [
            130.734054,
            32.684142
          ],
          [
            130.733725,
            32.683763
          ],
          [
            130.733458,
            32.683467
          ],
          [
            130.733263,
            32.683267
          ],
          [
            130.733038,
            32.683037
          ],
          [
            130.732771,
            32.682775
          ],
          [
            130.732375,
            32.6824
          ],
          [
            130.732242,
            32.682283
          ],
          [
            130.731188,
            32.681379
          ],
          [
            130.730388,
            32.680754
          ],
          [
            130.730008,
            32.680475
          ],
          [
            130.729604,
            32.680183
          ],
          [
            130.728925,
            32.679725
          ],
          [
            130.728779,
            32.679629
          ],
          [
            130.728221,
            32.679271
          ],
          [
            130.727896,
            32.679071
          ],
          [
            130.727525,
            32.678854
          ],
          [
            130.727096,
            32.678608
          ],
          [
            130.726663,
            32.678367
          ],
          [
            130.726142,
            32.678087
          ],
          [
            130.725204,
            32.677613
          ],
          [
            130.725042,
            32.677533
          ],
          [
            130.72295,
            32.676525
          ],
          [
            130.721592,
            32.675858
          ],
          [
            130.721454,
            32.675783
          ],
          [
            130.720658,
            32.675367
          ],
          [
            130.719883,
            32.674912
          ],
          [
            130.719004,
            32.674338
          ],
          [
            130.718038,
            32.673625
          ],
          [
            130.717167,
            32.6729
          ],
          [
            130.716496,
            32.672271
          ],
          [
            130.715667,
            32.671367
          ],
          [
            130.715304,
            32.670917
          ],
          [
            130.714925,
            32.670458
          ],
          [
            130.714633,
            32.67005
          ],
          [
            130.71415,
            32.669325
          ],
          [
            130.713788,
            32.668696
          ],
          [
            130.713496,
            32.668142
          ],
          [
            130.713204,
            32.667525
          ],
          [
            130.71285,
            32.666667
          ],
          [
            130.712629,
            32.666058
          ],
          [
            130.712379,
            32.665142
          ],
          [
            130.712275,
            32.664708
          ],
          [
            130.712242,
            32.664571
          ],
          [
            130.7121,
            32.663708
          ],
          [
            130.712021,
            32.662992
          ],
          [
            130.711979,
            32.662258
          ],
          [
            130.711979,
            32.662067
          ],
          [
            130.711967,
            32.661088
          ],
          [
            130.711975,
            32.660596
          ],
          [
            130.711983,
            32.660088
          ],
          [
            130.712004,
            32.659154
          ],
          [
            130.711979,
            32.658067
          ],
          [
            130.711913,
            32.657104
          ],
          [
            130.711767,
            32.656208
          ],
          [
            130.711563,
            32.65525
          ],
          [
            130.711333,
            32.654333
          ],
          [
            130.711229,
            32.653958
          ],
          [
            130.711054,
            32.653496
          ],
          [
            130.711004,
            32.653379
          ],
          [
            130.710658,
            32.652471
          ],
          [
            130.710296,
            32.651721
          ],
          [
            130.709667,
            32.650633
          ],
          [
            130.709583,
            32.6505
          ],
          [
            130.709338,
            32.650067
          ],
          [
            130.708371,
            32.648367
          ],
          [
            130.708242,
            32.648121
          ],
          [
            130.708171,
            32.647983
          ],
          [
            130.707683,
            32.647029
          ],
          [
            130.707454,
            32.646488
          ],
          [
            130.707121,
            32.645554
          ],
          [
            130.706796,
            32.644388
          ],
          [
            130.706708,
            32.6438
          ],
          [
            130.706663,
            32.64335
          ],
          [
            130.706663,
            32.642975
          ],
          [
            130.706704,
            32.642504
          ],
          [
            130.706742,
            32.642167
          ],
          [
            130.706863,
            32.641654
          ],
          [
            130.707029,
            32.641129
          ],
          [
            130.707188,
            32.640754
          ],
          [
            130.707346,
            32.640383
          ],
          [
            130.707863,
            32.639554
          ],
          [
            130.708387,
            32.638825
          ],
          [
            130.708688,
            32.638408
          ],
          [
            130.709017,
            32.637929
          ],
          [
            130.709496,
            32.637133
          ],
          [
            130.709563,
            32.636987
          ],
          [
            130.709825,
            32.636362
          ],
          [
            130.710029,
            32.635696
          ],
          [
            130.710183,
            32.634971
          ],
          [
            130.710258,
            32.634171
          ],
          [
            130.710238,
            32.633113
          ],
          [
            130.710229,
            32.632304
          ],
          [
            130.710258,
            32.631921
          ],
          [
            130.710325,
            32.63125
          ],
          [
            130.710358,
            32.631092
          ],
          [
            130.710504,
            32.630542
          ],
          [
            130.710758,
            32.629863
          ],
          [
            130.710929,
            32.629517
          ],
          [
            130.711225,
            32.628963
          ],
          [
            130.711813,
            32.627958
          ],
          [
            130.712125,
            32.627375
          ],
          [
            130.712417,
            32.626733
          ],
          [
            130.712538,
            32.626433
          ],
          [
            130.712588,
            32.626283
          ],
          [
            130.7127,
            32.625846
          ],
          [
            130.7128,
            32.625317
          ],
          [
            130.712946,
            32.624096
          ],
          [
            130.713038,
            32.623267
          ],
          [
            130.713204,
            32.622567
          ],
          [
            130.713342,
            32.622163
          ],
          [
            130.713533,
            32.621717
          ],
          [
            130.713858,
            32.621067
          ],
          [
            130.71405,
            32.620796
          ],
          [
            130.714438,
            32.620242
          ],
          [
            130.714896,
            32.619721
          ],
          [
            130.715446,
            32.619204
          ],
          [
            130.715925,
            32.618833
          ],
          [
            130.716513,
            32.61845
          ],
          [
            130.716654,
            32.618371
          ],
          [
            130.717138,
            32.618108
          ],
          [
            130.717537,
            32.617929
          ],
          [
            130.718642,
            32.617504
          ],
          [
            130.719525,
            32.6172
          ],
          [
            130.720313,
            32.616938
          ],
          [
            130.720979,
            32.616642
          ],
          [
            130.72165,
            32.616279
          ],
          [
            130.722208,
            32.615904
          ],
          [
            130.722658,
            32.61555
          ],
          [
            130.723188,
            32.615004
          ],
          [
            130.72365,
            32.61445
          ],
          [
            130.723925,
            32.614054
          ],
          [
            130.724192,
            32.613621
          ],
          [
            130.724417,
            32.613092
          ],
          [
            130.724508,
            32.612833
          ],
          [
            130.724663,
            32.6123
          ],
          [
            130.724738,
            32.611904
          ],
          [
            130.724779,
            32.611321
          ],
          [
            130.724779,
            32.610942
          ],
          [
            130.724733,
            32.610283
          ],
          [
            130.724613,
            32.609713
          ],
          [
            130.724417,
            32.609121
          ],
          [
            130.72415,
            32.608554
          ],
          [
            130.723942,
            32.608158
          ],
          [
            130.723721,
            32.607829
          ],
          [
            130.723596,
            32.607671
          ],
          [
            130.722663,
            32.606429
          ],
          [
            130.722329,
            32.605962
          ],
          [
            130.7219,
            32.605246
          ],
          [
            130.721692,
            32.604858
          ],
          [
            130.721538,
            32.6045
          ],
          [
            130.721287,
            32.603817
          ],
          [
            130.721179,
            32.603475
          ],
          [
            130.720929,
            32.602567
          ],
          [
            130.720608,
            32.601287
          ],
          [
            130.720396,
            32.600571
          ],
          [
            130.720125,
            32.599858
          ],
          [
            130.719821,
            32.599208
          ],
          [
            130.719454,
            32.598504
          ],
          [
            130.719117,
            32.597938
          ],
          [
            130.718475,
            32.596954
          ],
          [
            130.718083,
            32.596342
          ],
          [
            130.717708,
            32.595733
          ],
          [
            130.717346,
            32.595088
          ],
          [
            130.717167,
            32.594742
          ],
          [
            130.716942,
            32.594238
          ],
          [
            130.716658,
            32.593433
          ],
          [
            130.716508,
            32.592783
          ],
          [
            130.716396,
            32.592104
          ],
          [
            130.716308,
            32.591304
          ],
          [
            130.716304,
            32.590742
          ],
          [
            130.716338,
            32.590038
          ],
          [
            130.716421,
            32.589342
          ],
          [
            130.716508,
            32.588879
          ],
          [
            130.716537,
            32.588704
          ],
          [
            130.71665,
            32.588017
          ],
          [
            130.716717,
            32.587433
          ],
          [
            130.716746,
            32.586921
          ],
          [
            130.716746,
            32.586775
          ],
          [
            130.71675,
            32.586725
          ],
          [
            130.7167,
            32.585992
          ],
          [
            130.71665,
            32.585671
          ],
          [
            130.716513,
            32.584996
          ],
          [
            130.71635,
            32.584404
          ],
          [
            130.716208,
            32.584021
          ],
          [
            130.7159,
            32.583333
          ],
          [
            130.715721,
            32.582958
          ],
          [
            130.715512,
            32.5826
          ],
          [
            130.715196,
            32.582096
          ],
          [
            130.714733,
            32.581392
          ],
          [
            130.714446,
            32.581013
          ],
          [
            130.714125,
            32.580596
          ],
          [
            130.713683,
            32.580067
          ],
          [
            130.713483,
            32.579837
          ],
          [
            130.712863,
            32.579175
          ],
          [
            130.712517,
            32.578838
          ],
          [
            130.712237,
            32.578567
          ],
          [
            130.711454,
            32.577863
          ],
          [
            130.710983,
            32.577433
          ],
          [
            130.710713,
            32.577204
          ],
          [
            130.710629,
            32.577133
          ],
          [
            130.710496,
            32.577021
          ],
          [
            130.709454,
            32.576096
          ],
          [
            130.709208,
            32.575867
          ],
          [
            130.709129,
            32.575792
          ],
          [
            130.708671,
            32.575333
          ],
          [
            130.708546,
            32.5752
          ],
          [
            130.708275,
            32.574904
          ],
          [
            130.708046,
            32.574633
          ],
          [
            130.707379,
            32.5738
          ],
          [
            130.706875,
            32.573046
          ],
          [
            130.706571,
            32.572517
          ],
          [
            130.706212,
            32.571821
          ],
          [
            130.706,
            32.571312
          ],
          [
            130.705817,
            32.570875
          ],
          [
            130.705675,
            32.570496
          ],
          [
            130.705138,
            32.569042
          ],
          [
            130.704854,
            32.568338
          ],
          [
            130.704621,
            32.567862
          ],
          [
            130.70425,
            32.567183
          ],
          [
            130.703821,
            32.566513
          ],
          [
            130.703442,
            32.565992
          ],
          [
            130.702921,
            32.565354
          ],
          [
            130.702592,
            32.564988
          ],
          [
            130.702208,
            32.564588
          ],
          [
            130.701942,
            32.564333
          ],
          [
            130.701654,
            32.564075
          ],
          [
            130.701083,
            32.563596
          ],
          [
            130.700625,
            32.563238
          ],
          [
            130.700513,
            32.563146
          ],
          [
            130.700346,
            32.563029
          ],
          [
            130.699775,
            32.562621
          ],
          [
            130.699004,
            32.562046
          ],
          [
            130.698204,
            32.561379
          ],
          [
            130.697646,
            32.560833
          ],
          [
            130.697192,
            32.560308
          ],
          [
            130.696996,
            32.560058
          ],
          [
            130.696758,
            32.559733
          ],
          [
            130.696421,
            32.559213
          ],
          [
            130.696142,
            32.558687
          ],
          [
            130.695992,
            32.558379
          ],
          [
            130.695738,
            32.557721
          ],
          [
            130.695496,
            32.556954
          ],
          [
            130.695258,
            32.555988
          ],
          [
            130.695029,
            32.555075
          ],
          [
            130.694967,
            32.554837
          ],
          [
            130.694775,
            32.554229
          ],
          [
            130.694546,
            32.553575
          ],
          [
            130.694021,
            32.552521
          ],
          [
            130.693696,
            32.551967
          ],
          [
            130.693179,
            32.551225
          ],
          [
            130.692738,
            32.550721
          ],
          [
            130.692425,
            32.550371
          ],
          [
            130.691962,
            32.549896
          ],
          [
            130.691279,
            32.549308
          ],
          [
            130.690721,
            32.548883
          ],
          [
            130.690475,
            32.548704
          ],
          [
            130.689746,
            32.548246
          ],
          [
            130.689546,
            32.548125
          ],
          [
            130.688425,
            32.547562
          ],
          [
            130.6876,
            32.547183
          ],
          [
            130.687375,
            32.547088
          ],
          [
            130.685983,
            32.546458
          ],
          [
            130.685254,
            32.546071
          ],
          [
            130.684767,
            32.5458
          ],
          [
            130.684329,
            32.545529
          ],
          [
            130.6835,
            32.544954
          ],
          [
            130.683175,
            32.544721
          ],
          [
            130.682792,
            32.544413
          ],
          [
            130.682437,
            32.544117
          ],
          [
            130.680913,
            32.542746
          ],
          [
            130.680325,
            32.542212
          ],
          [
            130.679612,
            32.541663
          ],
          [
            130.678996,
            32.541225
          ],
          [
            130.677738,
            32.540462
          ],
          [
            130.677171,
            32.54015
          ],
          [
            130.676337,
            32.539679
          ],
          [
            130.676208,
            32.5396
          ],
          [
            130.676158,
            32.539567
          ],
          [
            130.675963,
            32.539425
          ],
          [
            130.675771,
            32.539308
          ],
          [
            130.675571,
            32.539183
          ],
          [
            130.675338,
            32.539021
          ],
          [
            130.675113,
            32.538854
          ],
          [
            130.674938,
            32.538725
          ],
          [
            130.674775,
            32.538592
          ],
          [
            130.67455,
            32.538408
          ],
          [
            130.674304,
            32.538196
          ],
          [
            130.674096,
            32.538
          ],
          [
            130.673817,
            32.537717
          ],
          [
            130.673625,
            32.537508
          ],
          [
            130.673463,
            32.537321
          ],
          [
            130.67315,
            32.536933
          ],
          [
            130.672979,
            32.536696
          ],
          [
            130.672846,
            32.5365
          ],
          [
            130.672688,
            32.536263
          ],
          [
            130.672554,
            32.536038
          ],
          [
            130.672258,
            32.535525
          ],
          [
            130.671679,
            32.534508
          ],
          [
            130.671462,
            32.534138
          ],
          [
            130.6713,
            32.533883
          ],
          [
            130.670958,
            32.533388
          ],
          [
            130.670729,
            32.533071
          ],
          [
            130.67055,
            32.532842
          ],
          [
            130.670379,
            32.532629
          ],
          [
            130.670108,
            32.532308
          ],
          [
            130.669758,
            32.531925
          ],
          [
            130.66945,
            32.531617
          ],
          [
            130.668296,
            32.530517
          ],
          [
            130.667504,
            32.529796
          ],
          [
            130.6672,
            32.529517
          ],
          [
            130.666871,
            32.529213
          ],
          [
            130.666483,
            32.528854
          ],
          [
            130.665296,
            32.527788
          ],
          [
            130.6643,
            32.526888
          ],
          [
            130.663108,
            32.525817
          ],
          [
            130.6619,
            32.524721
          ],
          [
            130.661146,
            32.52405
          ],
          [
            130.660196,
            32.523254
          ],
          [
            130.659646,
            32.52285
          ],
          [
            130.659304,
            32.522617
          ],
          [
            130.659025,
            32.522429
          ],
          [
            130.658683,
            32.522213
          ],
          [
            130.658313,
            32.521996
          ],
          [
            130.657958,
            32.521804
          ],
          [
            130.657267,
            32.52145
          ],
          [
            130.656104,
            32.520896
          ],
          [
            130.655533,
            32.520642
          ],
          [
            130.654904,
            32.52035
          ],
          [
            130.654471,
            32.520133
          ],
          [
            130.654196,
            32.519988
          ],
          [
            130.653933,
            32.519842
          ],
          [
            130.65365,
            32.519675
          ],
          [
            130.653417,
            32.519525
          ],
          [
            130.653079,
            32.5193
          ],
          [
            130.652796,
            32.519104
          ],
          [
            130.652492,
            32.518871
          ],
          [
            130.652254,
            32.518688
          ],
          [
            130.651996,
            32.518471
          ],
          [
            130.651717,
            32.518229
          ],
          [
            130.651404,
            32.517933
          ],
          [
            130.651146,
            32.517667
          ],
          [
            130.650862,
            32.517371
          ],
          [
            130.650504,
            32.516958
          ],
          [
            130.649942,
            32.516271
          ],
          [
            130.649783,
            32.516062
          ],
          [
            130.649608,
            32.515817
          ],
          [
            130.649463,
            32.515592
          ],
          [
            130.649271,
            32.515296
          ],
          [
            130.648917,
            32.514721
          ],
          [
            130.648888,
            32.514671
          ],
          [
            130.648663,
            32.514275
          ],
          [
            130.648529,
            32.514033
          ],
          [
            130.648283,
            32.513575
          ],
          [
            130.648188,
            32.513383
          ],
          [
            130.648117,
            32.513238
          ],
          [
            130.647992,
            32.512971
          ],
          [
            130.647858,
            32.512671
          ],
          [
            130.647808,
            32.512558
          ],
          [
            130.647671,
            32.512221
          ],
          [
            130.647617,
            32.512079
          ],
          [
            130.647554,
            32.511896
          ],
          [
            130.647242,
            32.510879
          ],
          [
            130.647233,
            32.510842
          ],
          [
            130.647092,
            32.510371
          ],
          [
            130.647025,
            32.510142
          ],
          [
            130.646975,
            32.509954
          ],
          [
            130.646933,
            32.509771
          ],
          [
            130.6469,
            32.509613
          ],
          [
            130.646825,
            32.509217
          ],
          [
            130.6467,
            32.50855
          ],
          [
            130.646604,
            32.507913
          ],
          [
            130.646479,
            32.506946
          ],
          [
            130.646388,
            32.506067
          ],
          [
            130.646342,
            32.505179
          ],
          [
            130.646325,
            32.504796
          ],
          [
            130.646288,
            32.503396
          ],
          [
            130.646288,
            32.503333
          ],
          [
            130.646288,
            32.503058
          ],
          [
            130.646292,
            32.502867
          ],
          [
            130.6463,
            32.502271
          ],
          [
            130.6463,
            32.502187
          ],
          [
            130.64645,
            32.5
          ],
          [
            130.64675,
            32.491271
          ],
          [
            130.646758,
            32.490979
          ],
          [
            130.646787,
            32.490325
          ],
          [
            130.646825,
            32.489713
          ],
          [
            130.647054,
            32.487683
          ],
          [
            130.647229,
            32.484658
          ],
          [
            130.647292,
            32.483358
          ],
          [
            130.647592,
            32.478267
          ],
          [
            130.648017,
            32.471808
          ],
          [
            130.648042,
            32.4715
          ],
          [
            130.648088,
            32.4712
          ],
          [
            130.648171,
            32.470767
          ],
          [
            130.648254,
            32.470429
          ],
          [
            130.648433,
            32.469821
          ],
          [
            130.648463,
            32.469725
          ],
          [
            130.649142,
            32.468642
          ],
          [
            130.649563,
            32.467958
          ],
          [
            130.65,
            32.467167
          ],
          [
            130.6507,
            32.465875
          ],
          [
            130.650746,
            32.465804
          ],
          [
            130.65095,
            32.465496
          ],
          [
            130.650979,
            32.46545
          ],
          [
            130.651596,
            32.464238
          ],
          [
            130.651996,
            32.46315
          ],
          [
            130.652258,
            32.462371
          ],
          [
            130.652817,
            32.460867
          ],
          [
            130.653171,
            32.459954
          ],
          [
            130.653263,
            32.459725
          ],
          [
            130.655167,
            32.455833
          ],
          [
            130.655208,
            32.45575
          ],
          [
            130.656263,
            32.453729
          ],
          [
            130.656296,
            32.453667
          ],
          [
            130.657067,
            32.451879
          ],
          [
            130.657417,
            32.451171
          ],
          [
            130.657767,
            32.450579
          ],
          [
            130.658267,
            32.449813
          ],
          [
            130.658792,
            32.449129
          ],
          [
            130.659354,
            32.448479
          ],
          [
            130.660442,
            32.447258
          ],
          [
            130.660971,
            32.446838
          ],
          [
            130.662062,
            32.445975
          ],
          [
            130.662154,
            32.445908
          ],
          [
            130.663842,
            32.444583
          ],
          [
            130.664054,
            32.444421
          ],
          [
            130.664608,
            32.444
          ],
          [
            130.664971,
            32.443771
          ],
          [
            130.665338,
            32.443583
          ],
          [
            130.665783,
            32.443408
          ],
          [
            130.666308,
            32.443271
          ],
          [
            130.666675,
            32.443183
          ],
          [
            130.66695,
            32.443121
          ],
          [
            130.667429,
            32.442992
          ],
          [
            130.668,
            32.442825
          ],
          [
            130.668554,
            32.442608
          ],
          [
            130.668971,
            32.4424
          ],
          [
            130.669308,
            32.442217
          ],
          [
            130.6697,
            32.441988
          ],
          [
            130.669933,
            32.441825
          ],
          [
            130.670675,
            32.441213
          ],
          [
            130.671083,
            32.440788
          ],
          [
            130.6712,
            32.440667
          ],
          [
            130.672,
            32.439662
          ],
          [
            130.672088,
            32.439554
          ],
          [
            130.672358,
            32.439246
          ],
          [
            130.672483,
            32.439092
          ],
          [
            130.672704,
            32.4389
          ],
          [
            130.673046,
            32.438629
          ],
          [
            130.673429,
            32.438362
          ],
          [
            130.674033,
            32.438042
          ],
          [
            130.674717,
            32.437717
          ],
          [
            130.675192,
            32.437479
          ],
          [
            130.675613,
            32.437213
          ],
          [
            130.676042,
            32.436887
          ],
          [
            130.676596,
            32.436442
          ],
          [
            130.676871,
            32.43625
          ],
          [
            130.676904,
            32.436229
          ],
          [
            130.677404,
            32.435942
          ],
          [
            130.677942,
            32.435675
          ],
          [
            130.678108,
            32.435612
          ],
          [
            130.678837,
            32.435408
          ],
          [
            130.679521,
            32.435279
          ],
          [
            130.680363,
            32.435187
          ],
          [
            130.68135,
            32.435179
          ],
          [
            130.681913,
            32.435204
          ],
          [
            130.682604,
            32.435275
          ],
          [
            130.683088,
            32.43535
          ],
          [
            130.683808,
            32.435508
          ],
          [
            130.684692,
            32.435771
          ],
          [
            130.685671,
            32.43605
          ],
          [
            130.686,
            32.436125
          ],
          [
            130.686163,
            32.436158
          ],
          [
            130.687483,
            32.436288
          ],
          [
            130.687558,
            32.436288
          ],
          [
            130.6882,
            32.436271
          ],
          [
            130.688513,
            32.436237
          ],
          [
            130.688696,
            32.436221
          ],
          [
            130.691167,
            32.436037
          ],
          [
            130.692762,
            32.435812
          ],
          [
            130.6932,
            32.435767
          ],
          [
            130.693238,
            32.435763
          ],
          [
            130.695517,
            32.435504
          ],
          [
            130.695587,
            32.435492
          ],
          [
            130.696167,
            32.435367
          ],
          [
            130.696933,
            32.435138
          ],
          [
            130.697725,
            32.434833
          ],
          [
            130.698242,
            32.434579
          ],
          [
            130.69855,
            32.434413
          ],
          [
            130.698858,
            32.434233
          ],
          [
            130.698954,
            32.434167
          ],
          [
            130.699567,
            32.433604
          ],
          [
            130.700579,
            32.432496
          ],
          [
            130.701004,
            32.431962
          ],
          [
            130.701692,
            32.430854
          ],
          [
            130.701979,
            32.430404
          ],
          [
            130.702142,
            32.430088
          ],
          [
            130.702313,
            32.429375
          ],
          [
            130.702333,
            32.429271
          ],
          [
            130.702433,
            32.428783
          ],
          [
            130.702487,
            32.428238
          ],
          [
            130.702504,
            32.427771
          ],
          [
            130.702483,
            32.426996
          ],
          [
            130.702421,
            32.426475
          ],
          [
            130.702354,
            32.426079
          ],
          [
            130.702292,
            32.425813
          ],
          [
            130.702154,
            32.425312
          ],
          [
            130.701988,
            32.424792
          ],
          [
            130.701692,
            32.424158
          ],
          [
            130.701671,
            32.424113
          ],
          [
            130.701075,
            32.422871
          ],
          [
            130.700429,
            32.421675
          ],
          [
            130.699304,
            32.420075
          ],
          [
            130.697213,
            32.417454
          ],
          [
            130.697175,
            32.417404
          ],
          [
            130.696892,
            32.416979
          ],
          [
            130.696708,
            32.416667
          ],
          [
            130.696558,
            32.416408
          ],
          [
            130.696296,
            32.415908
          ],
          [
            130.696137,
            32.415579
          ],
          [
            130.695838,
            32.414833
          ],
          [
            130.695683,
            32.414346
          ],
          [
            130.69555,
            32.413842
          ],
          [
            130.695504,
            32.413508
          ],
          [
            130.695475,
            32.412896
          ],
          [
            130.695508,
            32.412358
          ],
          [
            130.6956,
            32.411858
          ],
          [
            130.695721,
            32.41145
          ],
          [
            130.695883,
            32.411013
          ],
          [
            130.696108,
            32.410579
          ],
          [
            130.696313,
            32.410208
          ],
          [
            130.696567,
            32.409683
          ],
          [
            130.696712,
            32.409258
          ],
          [
            130.696804,
            32.408921
          ],
          [
            130.696921,
            32.408338
          ],
          [
            130.697008,
            32.407933
          ],
          [
            130.697208,
            32.407325
          ],
          [
            130.69745,
            32.406813
          ],
          [
            130.697692,
            32.406292
          ],
          [
            130.697829,
            32.405942
          ],
          [
            130.697892,
            32.4055
          ],
          [
            130.697892,
            32.405042
          ],
          [
            130.697808,
            32.4046
          ],
          [
            130.697737,
            32.404267
          ],
          [
            130.697667,
            32.403792
          ],
          [
            130.697692,
            32.403458
          ],
          [
            130.69775,
            32.403133
          ],
          [
            130.697821,
            32.402908
          ],
          [
            130.697938,
            32.402646
          ],
          [
            130.698187,
            32.402233
          ],
          [
            130.698492,
            32.401913
          ],
          [
            130.698688,
            32.401717
          ],
          [
            130.699071,
            32.4014
          ],
          [
            130.699517,
            32.401092
          ],
          [
            130.699813,
            32.400908
          ],
          [
            130.700092,
            32.40075
          ],
          [
            130.701021,
            32.400283
          ],
          [
            130.701388,
            32.400062
          ],
          [
            130.701567,
            32.399933
          ],
          [
            130.701888,
            32.399667
          ],
          [
            130.70215,
            32.399363
          ],
          [
            130.7025,
            32.398767
          ],
          [
            130.703275,
            32.397804
          ],
          [
            130.703671,
            32.397333
          ],
          [
            130.705067,
            32.395717
          ],
          [
            130.705704,
            32.394979
          ],
          [
            130.706421,
            32.39415
          ],
          [
            130.707308,
            32.393204
          ],
          [
            130.70815,
            32.392362
          ],
          [
            130.708463,
            32.392029
          ],
          [
            130.708712,
            32.391733
          ],
          [
            130.709017,
            32.391342
          ],
          [
            130.709183,
            32.391108
          ],
          [
            130.709313,
            32.390921
          ],
          [
            130.709717,
            32.390208
          ],
          [
            130.710204,
            32.38935
          ],
          [
            130.710467,
            32.388863
          ],
          [
            130.710783,
            32.388225
          ],
          [
            130.711133,
            32.3875
          ],
          [
            130.711425,
            32.386792
          ],
          [
            130.711708,
            32.3861
          ],
          [
            130.712004,
            32.385283
          ],
          [
            130.712346,
            32.384358
          ],
          [
            130.71285,
            32.383013
          ],
          [
            130.713258,
            32.381921
          ],
          [
            130.713579,
            32.381121
          ],
          [
            130.714313,
            32.3792
          ],
          [
            130.715062,
            32.377229
          ],
          [
            130.715525,
            32.376054
          ],
          [
            130.716367,
            32.373879
          ],
          [
            130.716804,
            32.372746
          ],
          [
            130.71725,
            32.371529
          ],
          [
            130.717996,
            32.369554
          ],
          [
            130.718617,
            32.367908
          ],
          [
            130.719033,
            32.366763
          ],
          [
            130.719679,
            32.365071
          ],
          [
            130.720492,
            32.362913
          ],
          [
            130.721392,
            32.360475
          ],
          [
            130.722213,
            32.358296
          ],
          [
            130.722975,
            32.356246
          ],
          [
            130.723242,
            32.355492
          ],
          [
            130.723842,
            32.354017
          ],
          [
            130.724413,
            32.352596
          ],
          [
            130.724896,
            32.351346
          ],
          [
            130.725329,
            32.350158
          ],
          [
            130.725992,
            32.348408
          ],
          [
            130.726554,
            32.346917
          ],
          [
            130.726704,
            32.346537
          ],
          [
            130.726867,
            32.346188
          ],
          [
            130.727375,
            32.345229
          ],
          [
            130.727771,
            32.344558
          ],
          [
            130.728225,
            32.343883
          ],
          [
            130.728533,
            32.343442
          ],
          [
            130.729454,
            32.342158
          ],
          [
            130.729821,
            32.341633
          ],
          [
            130.730092,
            32.340954
          ],
          [
            130.730538,
            32.339817
          ],
          [
            130.730708,
            32.339638
          ],
          [
            130.730808,
            32.339521
          ],
          [
            130.731029,
            32.339271
          ],
          [
            130.731267,
            32.339058
          ],
          [
            130.731704,
            32.338667
          ],
          [
            130.732217,
            32.338338
          ],
          [
            130.732533,
            32.338117
          ],
          [
            130.733363,
            32.337646
          ],
          [
            130.733983,
            32.337342
          ],
          [
            130.734121,
            32.337279
          ],
          [
            130.735158,
            32.33675
          ],
          [
            130.735317,
            32.33665
          ],
          [
            130.736467,
            32.335725
          ],
          [
            130.736783,
            32.335429
          ],
          [
            130.736808,
            32.335404
          ],
          [
            130.737346,
            32.334692
          ],
          [
            130.737371,
            32.334658
          ],
          [
            130.738438,
            32.333433
          ],
          [
            130.738517,
            32.333371
          ],
          [
            130.738567,
            32.333333
          ],
          [
            130.739017,
            32.333
          ],
          [
            130.739421,
            32.33275
          ],
          [
            130.7399,
            32.332529
          ],
          [
            130.74015,
            32.332442
          ],
          [
            130.740658,
            32.332288
          ],
          [
            130.741304,
            32.33215
          ],
          [
            130.741979,
            32.33205
          ],
          [
            130.742738,
            32.33195
          ],
          [
            130.743458,
            32.331863
          ],
          [
            130.743496,
            32.331858
          ],
          [
            130.744929,
            32.331608
          ],
          [
            130.745092,
            32.331533
          ],
          [
            130.745779,
            32.331258
          ],
          [
            130.746304,
            32.331008
          ],
          [
            130.746654,
            32.330783
          ],
          [
            130.747192,
            32.330417
          ],
          [
            130.747679,
            32.330062
          ],
          [
            130.748088,
            32.329758
          ],
          [
            130.748388,
            32.329496
          ],
          [
            130.748642,
            32.329292
          ],
          [
            130.748942,
            32.329046
          ],
          [
            130.749262,
            32.328808
          ],
          [
            130.749613,
            32.328592
          ],
          [
            130.75,
            32.328375
          ],
          [
            130.750538,
            32.328129
          ],
          [
            130.750875,
            32.328
          ],
          [
            130.751458,
            32.327796
          ],
          [
            130.751862,
            32.327683
          ],
          [
            130.752113,
            32.327621
          ],
          [
            130.752742,
            32.327483
          ],
          [
            130.753504,
            32.327358
          ],
          [
            130.754279,
            32.327229
          ],
          [
            130.75505,
            32.327054
          ],
          [
            130.755342,
            32.326975
          ],
          [
            130.755696,
            32.326862
          ],
          [
            130.756117,
            32.326708
          ],
          [
            130.756521,
            32.326533
          ],
          [
            130.756917,
            32.326338
          ],
          [
            130.7572,
            32.326163
          ],
          [
            130.7575,
            32.325892
          ],
          [
            130.757796,
            32.325571
          ],
          [
            130.757979,
            32.325254
          ],
          [
            130.758083,
            32.325042
          ],
          [
            130.758175,
            32.324763
          ],
          [
            130.75825,
            32.324492
          ],
          [
            130.758283,
            32.324138
          ],
          [
            130.758308,
            32.323933
          ],
          [
            130.758279,
            32.323583
          ],
          [
            130.758238,
            32.323233
          ],
          [
            130.758142,
            32.322779
          ],
          [
            130.757996,
            32.322246
          ],
          [
            130.757817,
            32.321667
          ],
          [
            130.757617,
            32.321038
          ],
          [
            130.757438,
            32.320579
          ],
          [
            130.757233,
            32.320121
          ],
          [
            130.757171,
            32.319971
          ],
          [
            130.756946,
            32.319587
          ],
          [
            130.756692,
            32.319221
          ],
          [
            130.756508,
            32.318971
          ],
          [
            130.756242,
            32.318638
          ],
          [
            130.755908,
            32.318279
          ],
          [
            130.755525,
            32.317921
          ],
          [
            130.755154,
            32.317625
          ],
          [
            130.754667,
            32.317342
          ],
          [
            130.754104,
            32.3171
          ],
          [
            130.7537,
            32.316967
          ],
          [
            130.753513,
            32.3169
          ],
          [
            130.752537,
            32.316571
          ],
          [
            130.751838,
            32.316292
          ],
          [
            130.751412,
            32.316088
          ],
          [
            130.750829,
            32.315788
          ],
          [
            130.750442,
            32.315546
          ],
          [
            130.75,
            32.31515
          ],
          [
            130.749904,
            32.315063
          ],
          [
            130.749579,
            32.314704
          ],
          [
            130.749104,
            32.314192
          ],
          [
            130.749079,
            32.314158
          ],
          [
            130.748658,
            32.313579
          ],
          [
            130.7479,
            32.312208
          ],
          [
            130.747717,
            32.311771
          ],
          [
            130.747679,
            32.311679
          ],
          [
            130.747458,
            32.310983
          ],
          [
            130.74735,
            32.310471
          ],
          [
            130.747304,
            32.310117
          ],
          [
            130.7472,
            32.309325
          ],
          [
            130.747138,
            32.308829
          ],
          [
            130.747083,
            32.308396
          ],
          [
            130.746646,
            32.307046
          ],
          [
            130.746621,
            32.306962
          ],
          [
            130.746329,
            32.305338
          ],
          [
            130.745979,
            32.303896
          ],
          [
            130.74595,
            32.303737
          ],
          [
            130.745962,
            32.303442
          ],
          [
            130.746029,
            32.302129
          ],
          [
            130.746079,
            32.301671
          ],
          [
            130.746179,
            32.301138
          ],
          [
            130.746317,
            32.300729
          ],
          [
            130.746617,
            32.299938
          ],
          [
            130.746767,
            32.299571
          ],
          [
            130.747192,
            32.298679
          ],
          [
            130.74745,
            32.298263
          ],
          [
            130.747558,
            32.298129
          ],
          [
            130.747679,
            32.297958
          ],
          [
            130.748429,
            32.297096
          ],
          [
            130.748746,
            32.296646
          ],
          [
            130.749058,
            32.2961
          ],
          [
            130.749229,
            32.295671
          ],
          [
            130.749325,
            32.295358
          ],
          [
            130.749367,
            32.295067
          ],
          [
            130.749371,
            32.294775
          ],
          [
            130.749338,
            32.294367
          ],
          [
            130.749233,
            32.293712
          ],
          [
            130.749125,
            32.293037
          ],
          [
            130.748929,
            32.291888
          ],
          [
            130.748792,
            32.29105
          ],
          [
            130.748717,
            32.290588
          ],
          [
            130.748629,
            32.289988
          ],
          [
            130.7486,
            32.289708
          ],
          [
            130.7486,
            32.289296
          ],
          [
            130.748633,
            32.288946
          ],
          [
            130.748675,
            32.288667
          ],
          [
            130.748771,
            32.288346
          ],
          [
            130.749071,
            32.287642
          ],
          [
            130.749354,
            32.287146
          ],
          [
            130.749604,
            32.286754
          ],
          [
            130.749892,
            32.286325
          ],
          [
            130.75,
            32.286179
          ],
          [
            130.752067,
            32.282954
          ],
          [
            130.754492,
            32.279279
          ],
          [
            130.756554,
            32.276337
          ],
          [
            130.756792,
            32.275821
          ],
          [
            130.759083,
            32.272296
          ],
          [
            130.759621,
            32.271433
          ],
          [
            130.760413,
            32.270071
          ],
          [
            130.761125,
            32.268942
          ],
          [
            130.761608,
            32.268333
          ],
          [
            130.762067,
            32.267892
          ],
          [
            130.762446,
            32.267562
          ],
          [
            130.76265,
            32.267421
          ],
          [
            130.763167,
            32.267108
          ],
          [
            130.763608,
            32.266863
          ],
          [
            130.764179,
            32.266575
          ],
          [
            130.764604,
            32.266342
          ],
          [
            130.764942,
            32.266129
          ],
          [
            130.765254,
            32.265896
          ],
          [
            130.765658,
            32.26555
          ],
          [
            130.765821,
            32.265379
          ],
          [
            130.766004,
            32.265163
          ],
          [
            130.7663,
            32.264787
          ],
          [
            130.766613,
            32.264325
          ],
          [
            130.767021,
            32.263629
          ],
          [
            130.767092,
            32.263496
          ],
          [
            130.767317,
            32.263029
          ],
          [
            130.767458,
            32.2627
          ],
          [
            130.767596,
            32.262329
          ],
          [
            130.767771,
            32.261758
          ],
          [
            130.767883,
            32.261308
          ],
          [
            130.767979,
            32.260725
          ],
          [
            130.768042,
            32.2603
          ],
          [
            130.768063,
            32.259854
          ],
          [
            130.768071,
            32.259371
          ],
          [
            130.768063,
            32.258871
          ],
          [
            130.767963,
            32.258158
          ],
          [
            130.767783,
            32.257338
          ],
          [
            130.767579,
            32.256646
          ],
          [
            130.767329,
            32.255992
          ],
          [
            130.767167,
            32.255658
          ],
          [
            130.766938,
            32.255162
          ],
          [
            130.766562,
            32.254508
          ],
          [
            130.766196,
            32.253925
          ],
          [
            130.765821,
            32.253425
          ],
          [
            130.765475,
            32.253008
          ],
          [
            130.764721,
            32.252233
          ],
          [
            130.764312,
            32.25185
          ],
          [
            130.763833,
            32.251433
          ],
          [
            130.763083,
            32.250846
          ],
          [
            130.762463,
            32.250379
          ],
          [
            130.762042,
            32.2501
          ],
          [
            130.761921,
            32.25
          ],
          [
            130.761758,
            32.249858
          ],
          [
            130.761267,
            32.24945
          ],
          [
            130.760967,
            32.249175
          ],
          [
            130.760567,
            32.248775
          ],
          [
            130.760117,
            32.248183
          ],
          [
            130.759925,
            32.247871
          ],
          [
            130.759858,
            32.247763
          ],
          [
            130.759604,
            32.247358
          ],
          [
            130.759429,
            32.246992
          ],
          [
            130.759304,
            32.246633
          ],
          [
            130.759204,
            32.246275
          ],
          [
            130.759079,
            32.245508
          ],
          [
            130.759063,
            32.245163
          ],
          [
            130.759054,
            32.244825
          ],
          [
            130.759171,
            32.243854
          ],
          [
            130.759304,
            32.243208
          ],
          [
            130.759413,
            32.242796
          ],
          [
            130.759629,
            32.242083
          ],
          [
            130.760067,
            32.241
          ],
          [
            130.760329,
            32.240467
          ],
          [
            130.760779,
            32.239663
          ],
          [
            130.761175,
            32.239046
          ],
          [
            130.761675,
            32.238342
          ],
          [
            130.762079,
            32.237829
          ],
          [
            130.762529,
            32.237317
          ],
          [
            130.763096,
            32.236729
          ],
          [
            130.763471,
            32.236392
          ],
          [
            130.764154,
            32.235771
          ],
          [
            130.764642,
            32.2354
          ],
          [
            130.765117,
            32.235054
          ],
          [
            130.765833,
            32.234579
          ],
          [
            130.766496,
            32.234192
          ],
          [
            130.767071,
            32.233871
          ],
          [
            130.7675,
            32.23365
          ],
          [
            130.767629,
            32.233579
          ],
          [
            130.767967,
            32.233413
          ],
          [
            130.768533,
            32.233141
          ]
        ]
      }
    },
    {
      "type": "Feature",
      "id": "mlit-2026-kumamoto-road-restriction-023",
      "properties": {
        "classification": "OBSERVED_PUBLIC",
        "source_feature_index": 22,
        "prefecture": "熊本県",
        "municipality": "水俣市",
        "road_kind": "高速道路",
        "route_name": "E3南九州自動車道（西回り）",
        "restriction_kind": "災害",
        "restriction_reason": "地震による路面段差",
        "restriction_started_at": "2026/7/28/16:27",
        "restriction_status": "全面通行止",
        "length_km": null
      },
      "geometry": {
        "type": "LineString",
        "coordinates": [
          [
            130.420189,
            32.209868
          ],
          [
            130.420208,
            32.209979
          ],
          [
            130.420242,
            32.210154
          ],
          [
            130.420292,
            32.210308
          ],
          [
            130.42035,
            32.210433
          ],
          [
            130.420417,
            32.210546
          ],
          [
            130.420513,
            32.210667
          ],
          [
            130.420646,
            32.210779
          ],
          [
            130.420783,
            32.210875
          ],
          [
            130.420871,
            32.210921
          ],
          [
            130.420963,
            32.210963
          ],
          [
            130.421071,
            32.211
          ],
          [
            130.421196,
            32.211038
          ],
          [
            130.421296,
            32.21105
          ],
          [
            130.421421,
            32.211067
          ],
          [
            130.421563,
            32.211075
          ],
          [
            130.42195,
            32.211071
          ],
          [
            130.422617,
            32.211087
          ],
          [
            130.423058,
            32.211117
          ],
          [
            130.423475,
            32.211133
          ],
          [
            130.4238,
            32.211154
          ],
          [
            130.424,
            32.211179
          ],
          [
            130.424154,
            32.211217
          ],
          [
            130.424283,
            32.211267
          ],
          [
            130.424417,
            32.211329
          ],
          [
            130.42455,
            32.211408
          ],
          [
            130.424654,
            32.211492
          ],
          [
            130.424775,
            32.211621
          ],
          [
            130.424858,
            32.211737
          ],
          [
            130.425163,
            32.212254
          ],
          [
            130.425437,
            32.212754
          ],
          [
            130.425696,
            32.213171
          ],
          [
            130.425929,
            32.213542
          ],
          [
            130.426242,
            32.214054
          ],
          [
            130.426554,
            32.214529
          ],
          [
            130.426633,
            32.214642
          ],
          [
            130.427108,
            32.215396
          ],
          [
            130.42745,
            32.215967
          ],
          [
            130.427658,
            32.216338
          ],
          [
            130.427825,
            32.21665
          ],
          [
            130.428046,
            32.217079
          ],
          [
            130.428371,
            32.217721
          ],
          [
            130.428833,
            32.218733
          ],
          [
            130.429213,
            32.219604
          ],
          [
            130.429504,
            32.220221
          ],
          [
            130.429804,
            32.220813
          ],
          [
            130.430058,
            32.221263
          ],
          [
            130.430225,
            32.221521
          ],
          [
            130.430392,
            32.221767
          ],
          [
            130.430417,
            32.221804
          ],
          [
            130.430604,
            32.222071
          ],
          [
            130.430813,
            32.222358
          ],
          [
            130.431079,
            32.2227
          ],
          [
            130.431217,
            32.222888
          ],
          [
            130.431417,
            32.223117
          ],
          [
            130.431754,
            32.223492
          ],
          [
            130.432013,
            32.223746
          ],
          [
            130.432321,
            32.224042
          ],
          [
            130.432583,
            32.224283
          ],
          [
            130.432988,
            32.224629
          ],
          [
            130.433342,
            32.224917
          ],
          [
            130.433492,
            32.225029
          ],
          [
            130.4338,
            32.225271
          ],
          [
            130.43415,
            32.225508
          ],
          [
            130.434692,
            32.225858
          ],
          [
            130.434967,
            32.226025
          ],
          [
            130.435246,
            32.226179
          ],
          [
            130.435679,
            32.226404
          ],
          [
            130.436075,
            32.226596
          ],
          [
            130.436554,
            32.226817
          ],
          [
            130.436775,
            32.226908
          ],
          [
            130.437025,
            32.227017
          ],
          [
            130.437396,
            32.227163
          ],
          [
            130.437796,
            32.227308
          ],
          [
            130.438367,
            32.227479
          ],
          [
            130.438733,
            32.227592
          ],
          [
            130.439158,
            32.227708
          ],
          [
            130.439533,
            32.227796
          ],
          [
            130.440088,
            32.227925
          ],
          [
            130.440546,
            32.228017
          ],
          [
            130.44105,
            32.228113
          ],
          [
            130.441413,
            32.228175
          ],
          [
            130.441771,
            32.228238
          ],
          [
            130.442146,
            32.2283
          ],
          [
            130.442504,
            32.228358
          ],
          [
            130.443046,
            32.228442
          ],
          [
            130.443425,
            32.228504
          ],
          [
            130.444458,
            32.228667
          ],
          [
            130.445063,
            32.228771
          ],
          [
            130.445587,
            32.228879
          ],
          [
            130.446125,
            32.228996
          ],
          [
            130.446588,
            32.229104
          ],
          [
            130.44705,
            32.229233
          ],
          [
            130.447225,
            32.229287
          ],
          [
            130.447483,
            32.229367
          ],
          [
            130.447917,
            32.229517
          ],
          [
            130.448379,
            32.2297
          ],
          [
            130.448608,
            32.229796
          ],
          [
            130.448829,
            32.229892
          ],
          [
            130.449092,
            32.230013
          ],
          [
            130.44945,
            32.230192
          ],
          [
            130.449917,
            32.230433
          ],
          [
            130.449963,
            32.230463
          ],
          [
            130.450254,
            32.230633
          ],
          [
            130.450538,
            32.230808
          ],
          [
            130.450921,
            32.231063
          ],
          [
            130.45135,
            32.231375
          ],
          [
            130.451658,
            32.231612
          ],
          [
            130.451875,
            32.231783
          ],
          [
            130.452,
            32.231883
          ],
          [
            130.452717,
            32.232483
          ],
          [
            130.453179,
            32.232892
          ],
          [
            130.453858,
            32.233488
          ],
          [
            130.454158,
            32.233737
          ],
          [
            130.454458,
            32.234
          ],
          [
            130.45455,
            32.234079
          ],
          [
            130.455,
            32.234458
          ],
          [
            130.455221,
            32.234646
          ],
          [
            130.455892,
            32.2352
          ],
          [
            130.456417,
            32.235625
          ],
          [
            130.456871,
            32.235996
          ],
          [
            130.457129,
            32.236208
          ],
          [
            130.457971,
            32.236888
          ],
          [
            130.458717,
            32.237463
          ],
          [
            130.459146,
            32.237796
          ],
          [
            130.459729,
            32.238213
          ],
          [
            130.460058,
            32.238462
          ],
          [
            130.460346,
            32.238667
          ],
          [
            130.460571,
            32.238825
          ],
          [
            130.460879,
            32.239042
          ],
          [
            130.461154,
            32.239229
          ],
          [
            130.461442,
            32.239425
          ],
          [
            130.461713,
            32.2396
          ],
          [
            130.461904,
            32.239717
          ],
          [
            130.462213,
            32.2399
          ],
          [
            130.462521,
            32.240071
          ],
          [
            130.462912,
            32.240288
          ],
          [
            130.463208,
            32.240438
          ],
          [
            130.463496,
            32.240579
          ],
          [
            130.463829,
            32.240733
          ],
          [
            130.464196,
            32.240892
          ],
          [
            130.464521,
            32.241017
          ],
          [
            130.464846,
            32.241142
          ],
          [
            130.464996,
            32.241196
          ],
          [
            130.465196,
            32.241271
          ],
          [
            130.465567,
            32.241396
          ],
          [
            130.465983,
            32.241525
          ],
          [
            130.466496,
            32.241679
          ],
          [
            130.466942,
            32.241804
          ],
          [
            130.467496,
            32.241958
          ],
          [
            130.467787,
            32.242033
          ],
          [
            130.468021,
            32.242092
          ],
          [
            130.468271,
            32.242154
          ],
          [
            130.468721,
            32.242271
          ],
          [
            130.472554,
            32.243271
          ],
          [
            130.474237,
            32.243708
          ],
          [
            130.474433,
            32.243754
          ],
          [
            130.476283,
            32.244258
          ],
          [
            130.476792,
            32.244396
          ],
          [
            130.477258,
            32.244521
          ],
          [
            130.477883,
            32.244692
          ],
          [
            130.478025,
            32.244733
          ],
          [
            130.478525,
            32.244887
          ],
          [
            130.478875,
            32.245
          ],
          [
            130.479279,
            32.245146
          ],
          [
            130.47965,
            32.245283
          ],
          [
            130.480025,
            32.245446
          ],
          [
            130.480388,
            32.245613
          ],
          [
            130.480771,
            32.2458
          ],
          [
            130.481133,
            32.245992
          ],
          [
            130.481487,
            32.246196
          ],
          [
            130.481829,
            32.246404
          ],
          [
            130.482162,
            32.246625
          ],
          [
            130.482525,
            32.246883
          ],
          [
            130.482967,
            32.247225
          ],
          [
            130.483308,
            32.247517
          ],
          [
            130.483625,
            32.2478
          ],
          [
            130.484038,
            32.248208
          ],
          [
            130.4843,
            32.248496
          ],
          [
            130.484579,
            32.248817
          ],
          [
            130.484867,
            32.249175
          ],
          [
            130.485071,
            32.249458
          ],
          [
            130.485288,
            32.249767
          ],
          [
            130.485433,
            32.25
          ],
          [
            130.485725,
            32.2505
          ],
          [
            130.486112,
            32.251267
          ],
          [
            130.4863,
            32.2517
          ],
          [
            130.486558,
            32.252317
          ],
          [
            130.486863,
            32.253104
          ],
          [
            130.486983,
            32.253417
          ],
          [
            130.487071,
            32.253646
          ],
          [
            130.487208,
            32.253996
          ],
          [
            130.487429,
            32.254575
          ],
          [
            130.487721,
            32.255333
          ],
          [
            130.487988,
            32.256017
          ],
          [
            130.488188,
            32.256525
          ],
          [
            130.4884,
            32.257083
          ],
          [
            130.488592,
            32.257579
          ],
          [
            130.488663,
            32.257754
          ],
          [
            130.488796,
            32.2581
          ],
          [
            130.489054,
            32.258775
          ],
          [
            130.489317,
            32.259446
          ],
          [
            130.489637,
            32.260296
          ],
          [
            130.489904,
            32.261029
          ],
          [
            130.490242,
            32.262033
          ],
          [
            130.490304,
            32.262237
          ],
          [
            130.490521,
            32.262929
          ],
          [
            130.490742,
            32.263688
          ],
          [
            130.491013,
            32.264717
          ],
          [
            130.491246,
            32.265717
          ],
          [
            130.49145,
            32.266712
          ],
          [
            130.491621,
            32.267554
          ],
          [
            130.491804,
            32.268454
          ],
          [
            130.491954,
            32.269087
          ],
          [
            130.492042,
            32.269446
          ],
          [
            130.4921,
            32.269667
          ],
          [
            130.492192,
            32.269988
          ],
          [
            130.492371,
            32.270638
          ],
          [
            130.492462,
            32.270933
          ],
          [
            130.492583,
            32.271258
          ],
          [
            130.492708,
            32.271588
          ],
          [
            130.492787,
            32.271779
          ],
          [
            130.492892,
            32.272046
          ],
          [
            130.493021,
            32.272338
          ],
          [
            130.493142,
            32.2726
          ],
          [
            130.493275,
            32.272879
          ],
          [
            130.493533,
            32.273379
          ],
          [
            130.493733,
            32.273733
          ],
          [
            130.493963,
            32.274121
          ],
          [
            130.494142,
            32.274404
          ],
          [
            130.494342,
            32.274708
          ],
          [
            130.494696,
            32.275233
          ],
          [
            130.494883,
            32.275492
          ],
          [
            130.49505,
            32.275708
          ],
          [
            130.495246,
            32.275963
          ],
          [
            130.495408,
            32.276158
          ],
          [
            130.495483,
            32.276254
          ],
          [
            130.495596,
            32.276388
          ],
          [
            130.495788,
            32.276621
          ],
          [
            130.496121,
            32.277004
          ],
          [
            130.496417,
            32.277338
          ],
          [
            130.496979,
            32.277963
          ],
          [
            130.497425,
            32.278433
          ],
          [
            130.4977,
            32.278725
          ],
          [
            130.497725,
            32.27875
          ],
          [
            130.498296,
            32.279354
          ],
          [
            130.498817,
            32.279908
          ],
          [
            130.499204,
            32.280325
          ],
          [
            130.499479,
            32.280629
          ],
          [
            130.5,
            32.281208
          ],
          [
            130.500129,
            32.281363
          ],
          [
            130.500171,
            32.281404
          ],
          [
            130.500396,
            32.281663
          ],
          [
            130.500683,
            32.282
          ],
          [
            130.500954,
            32.282329
          ],
          [
            130.501187,
            32.282613
          ],
          [
            130.501346,
            32.282821
          ],
          [
            130.501383,
            32.282867
          ],
          [
            130.501558,
            32.283096
          ],
          [
            130.50165,
            32.283212
          ],
          [
            130.501725,
            32.283308
          ],
          [
            130.502008,
            32.283679
          ],
          [
            130.502317,
            32.284104
          ],
          [
            130.502742,
            32.284704
          ],
          [
            130.503217,
            32.285408
          ],
          [
            130.503571,
            32.285971
          ],
          [
            130.503925,
            32.286554
          ],
          [
            130.504296,
            32.287192
          ],
          [
            130.504592,
            32.287729
          ],
          [
            130.504967,
            32.288438
          ],
          [
            130.505258,
            32.289008
          ],
          [
            130.505492,
            32.289496
          ],
          [
            130.50575,
            32.290054
          ],
          [
            130.50605,
            32.290746
          ],
          [
            130.506867,
            32.292725
          ],
          [
            130.507058,
            32.293192
          ],
          [
            130.507938,
            32.295275
          ],
          [
            130.508404,
            32.296475
          ],
          [
            130.508575,
            32.296883
          ],
          [
            130.508683,
            32.297163
          ],
          [
            130.508746,
            32.297325
          ],
          [
            130.509125,
            32.298254
          ],
          [
            130.509733,
            32.299742
          ],
          [
            130.509879,
            32.300108
          ],
          [
            130.510075,
            32.300592
          ],
          [
            130.510229,
            32.300962
          ],
          [
            130.510954,
            32.302817
          ],
          [
            130.511338,
            32.303987
          ],
          [
            130.511454,
            32.304338
          ],
          [
            130.51185,
            32.305754
          ],
          [
            130.512017,
            32.306421
          ],
          [
            130.512254,
            32.307679
          ],
          [
            130.512387,
            32.308367
          ],
          [
            130.512404,
            32.308458
          ],
          [
            130.512546,
            32.309488
          ],
          [
            130.512608,
            32.309988
          ],
          [
            130.512654,
            32.310533
          ],
          [
            130.512671,
            32.310683
          ],
          [
            130.512717,
            32.311304
          ],
          [
            130.512783,
            32.312196
          ],
          [
            130.512854,
            32.313362
          ],
          [
            130.512917,
            32.314379
          ],
          [
            130.512937,
            32.314808
          ],
          [
            130.512992,
            32.315521
          ],
          [
            130.513021,
            32.31595
          ],
          [
            130.513054,
            32.3179
          ],
          [
            130.513433,
            32.323633
          ],
          [
            130.513779,
            32.329904
          ],
          [
            130.513913,
            32.331979
          ],
          [
            130.514,
            32.333333
          ],
          [
            130.5141,
            32.335008
          ],
          [
            130.514142,
            32.336742
          ],
          [
            130.514171,
            32.337758
          ],
          [
            130.514142,
            32.338621
          ],
          [
            130.514113,
            32.339038
          ],
          [
            130.514079,
            32.339471
          ],
          [
            130.514025,
            32.339958
          ],
          [
            130.51395,
            32.340463
          ],
          [
            130.513767,
            32.341612
          ],
          [
            130.513671,
            32.342192
          ],
          [
            130.513533,
            32.342696
          ],
          [
            130.513363,
            32.343254
          ],
          [
            130.513017,
            32.34425
          ],
          [
            130.512863,
            32.344658
          ],
          [
            130.512654,
            32.345163
          ],
          [
            130.512279,
            32.346038
          ],
          [
            130.511821,
            32.347063
          ],
          [
            130.511504,
            32.34775
          ],
          [
            130.511233,
            32.348338
          ],
          [
            130.511075,
            32.348679
          ],
          [
            130.510833,
            32.349208
          ],
          [
            130.51025,
            32.350463
          ],
          [
            130.50985,
            32.351325
          ],
          [
            130.509521,
            32.352075
          ],
          [
            130.509371,
            32.352446
          ],
          [
            130.509175,
            32.35295
          ],
          [
            130.509075,
            32.353229
          ],
          [
            130.509008,
            32.353433
          ],
          [
            130.508896,
            32.353821
          ],
          [
            130.508867,
            32.353933
          ],
          [
            130.508838,
            32.35405
          ],
          [
            130.508762,
            32.354396
          ],
          [
            130.508704,
            32.354767
          ],
          [
            130.508663,
            32.355154
          ],
          [
            130.508646,
            32.355421
          ],
          [
            130.50865,
            32.355746
          ],
          [
            130.508667,
            32.356046
          ],
          [
            130.508688,
            32.356321
          ],
          [
            130.508738,
            32.356654
          ],
          [
            130.5088,
            32.357008
          ],
          [
            130.508829,
            32.357142
          ],
          [
            130.508921,
            32.357533
          ],
          [
            130.509,
            32.357808
          ],
          [
            130.509079,
            32.358063
          ],
          [
            130.509117,
            32.358183
          ],
          [
            130.509212,
            32.358467
          ],
          [
            130.509321,
            32.358758
          ],
          [
            130.509504,
            32.359246
          ],
          [
            130.509713,
            32.359742
          ],
          [
            130.509796,
            32.359933
          ],
          [
            130.510012,
            32.3604
          ],
          [
            130.510279,
            32.360946
          ],
          [
            130.510521,
            32.361392
          ],
          [
            130.510792,
            32.361838
          ],
          [
            130.510842,
            32.361929
          ],
          [
            130.510879,
            32.361996
          ],
          [
            130.511029,
            32.362246
          ],
          [
            130.511275,
            32.362646
          ],
          [
            130.5116,
            32.363129
          ],
          [
            130.511838,
            32.363462
          ],
          [
            130.512092,
            32.363792
          ],
          [
            130.512283,
            32.364029
          ],
          [
            130.512471,
            32.364254
          ],
          [
            130.512671,
            32.364488
          ],
          [
            130.512946,
            32.364783
          ],
          [
            130.513388,
            32.365238
          ],
          [
            130.513708,
            32.36555
          ],
          [
            130.513917,
            32.365742
          ],
          [
            130.514025,
            32.365825
          ],
          [
            130.514192,
            32.365967
          ],
          [
            130.514546,
            32.366258
          ],
          [
            130.514983,
            32.366596
          ],
          [
            130.515375,
            32.366883
          ],
          [
            130.515746,
            32.367138
          ],
          [
            130.516112,
            32.367379
          ],
          [
            130.516496,
            32.367613
          ],
          [
            130.517092,
            32.367954
          ],
          [
            130.517817,
            32.368333
          ],
          [
            130.518296,
            32.368567
          ],
          [
            130.518467,
            32.368654
          ],
          [
            130.519629,
            32.369171
          ],
          [
            130.520646,
            32.369588
          ],
          [
            130.521275,
            32.369838
          ],
          [
            130.522004,
            32.370112
          ],
          [
            130.523829,
            32.370713
          ],
          [
            130.524754,
            32.371013
          ],
          [
            130.526367,
            32.371554
          ],
          [
            130.5274,
            32.371929
          ],
          [
            130.528242,
            32.37225
          ],
          [
            130.529017,
            32.372579
          ],
          [
            130.529879,
            32.372988
          ],
          [
            130.530879,
            32.373588
          ],
          [
            130.531654,
            32.374083
          ],
          [
            130.532379,
            32.374575
          ],
          [
            130.533292,
            32.375171
          ],
          [
            130.534163,
            32.375788
          ],
          [
            130.535258,
            32.376708
          ],
          [
            130.536592,
            32.377846
          ],
          [
            130.537279,
            32.378529
          ],
          [
            130.537646,
            32.378925
          ],
          [
            130.538429,
            32.379921
          ],
          [
            130.539696,
            32.381483
          ],
          [
            130.539967,
            32.381896
          ],
          [
            130.540121,
            32.382154
          ],
          [
            130.540217,
            32.382329
          ],
          [
            130.540462,
            32.382779
          ],
          [
            130.540596,
            32.383042
          ],
          [
            130.540779,
            32.383458
          ],
          [
            130.540988,
            32.383988
          ],
          [
            130.541071,
            32.384242
          ],
          [
            130.541238,
            32.384862
          ],
          [
            130.541313,
            32.385204
          ],
          [
            130.541354,
            32.385442
          ],
          [
            130.541413,
            32.385942
          ],
          [
            130.541442,
            32.386338
          ],
          [
            130.541454,
            32.386517
          ],
          [
            130.541454,
            32.387058
          ],
          [
            130.541425,
            32.387708
          ],
          [
            130.541404,
            32.387933
          ],
          [
            130.541396,
            32.387996
          ],
          [
            130.541354,
            32.388429
          ],
          [
            130.541246,
            32.389362
          ],
          [
            130.541213,
            32.389929
          ],
          [
            130.541208,
            32.390396
          ],
          [
            130.541221,
            32.390813
          ],
          [
            130.541229,
            32.390946
          ],
          [
            130.541296,
            32.391529
          ],
          [
            130.541383,
            32.392079
          ],
          [
            130.541408,
            32.392204
          ],
          [
            130.54145,
            32.392371
          ],
          [
            130.541521,
            32.392625
          ],
          [
            130.541667,
            32.393117
          ],
          [
            130.541933,
            32.393788
          ],
          [
            130.542196,
            32.394338
          ],
          [
            130.542267,
            32.394471
          ],
          [
            130.542508,
            32.394875
          ],
          [
            130.542854,
            32.395392
          ],
          [
            130.543217,
            32.395863
          ],
          [
            130.543642,
            32.396412
          ],
          [
            130.543958,
            32.396779
          ],
          [
            130.544875,
            32.397788
          ],
          [
            130.545437,
            32.398396
          ],
          [
            130.546142,
            32.399083
          ],
          [
            130.54685,
            32.399713
          ],
          [
            130.547321,
            32.400125
          ],
          [
            130.547988,
            32.400687
          ],
          [
            130.548604,
            32.401183
          ],
          [
            130.549696,
            32.402017
          ],
          [
            130.550675,
            32.402713
          ],
          [
            130.551263,
            32.403125
          ],
          [
            130.552042,
            32.403613
          ],
          [
            130.553296,
            32.404367
          ],
          [
            130.553479,
            32.404483
          ],
          [
            130.553954,
            32.404796
          ],
          [
            130.554488,
            32.4052
          ],
          [
            130.554996,
            32.405608
          ],
          [
            130.555392,
            32.40595
          ],
          [
            130.555879,
            32.406417
          ],
          [
            130.556083,
            32.406617
          ],
          [
            130.556321,
            32.406879
          ],
          [
            130.556571,
            32.407167
          ],
          [
            130.556875,
            32.407546
          ],
          [
            130.557208,
            32.407996
          ],
          [
            130.557467,
            32.408367
          ],
          [
            130.557617,
            32.408588
          ],
          [
            130.557842,
            32.409125
          ],
          [
            130.558108,
            32.409846
          ],
          [
            130.558279,
            32.410362
          ],
          [
            130.558938,
            32.41215
          ],
          [
            130.559596,
            32.413975
          ],
          [
            130.55995,
            32.414938
          ],
          [
            130.560571,
            32.416667
          ],
          [
            130.561804,
            32.420067
          ],
          [
            130.562854,
            32.423071
          ],
          [
            130.563054,
            32.423612
          ],
          [
            130.563729,
            32.425238
          ],
          [
            130.56375,
            32.425288
          ],
          [
            130.563833,
            32.425479
          ],
          [
            130.564025,
            32.425925
          ],
          [
            130.564354,
            32.426654
          ],
          [
            130.564763,
            32.427446
          ],
          [
            130.564996,
            32.427887
          ],
          [
            130.56515,
            32.428163
          ],
          [
            130.565292,
            32.428388
          ],
          [
            130.565438,
            32.428617
          ],
          [
            130.565528,
            32.42875
          ]
        ]
      }
    },
    {
      "type": "Feature",
      "id": "mlit-2026-kumamoto-road-restriction-024",
      "properties": {
        "classification": "OBSERVED_PUBLIC",
        "source_feature_index": 23,
        "prefecture": "熊本県",
        "municipality": "阿蘇市",
        "road_kind": "直轄国道",
        "route_name": "５７号（北側復旧道路）",
        "restriction_kind": "災害",
        "restriction_reason": "地震による橋台段差",
        "restriction_started_at": "2026/7/28/17:23",
        "restriction_status": "全面通行止",
        "length_km": null
      },
      "geometry": {
        "type": "LineString",
        "coordinates": [
          [
            130.999849,
            32.921258
          ],
          [
            130.999508,
            32.9217
          ],
          [
            130.998604,
            32.922804
          ],
          [
            130.998475,
            32.922967
          ],
          [
            130.9982,
            32.923317
          ],
          [
            130.997638,
            32.924
          ],
          [
            130.997367,
            32.924329
          ],
          [
            130.997175,
            32.924525
          ],
          [
            130.996987,
            32.924654
          ],
          [
            130.996788,
            32.924771
          ],
          [
            130.996546,
            32.924863
          ],
          [
            130.9963,
            32.924921
          ],
          [
            130.996083,
            32.92495
          ],
          [
            130.995892,
            32.92495
          ],
          [
            130.995671,
            32.924938
          ],
          [
            130.995475,
            32.924896
          ],
          [
            130.995267,
            32.924829
          ],
          [
            130.994937,
            32.9247
          ],
          [
            130.994342,
            32.924471
          ],
          [
            130.993979,
            32.92435
          ],
          [
            130.993596,
            32.924237
          ],
          [
            130.993208,
            32.924142
          ],
          [
            130.992817,
            32.924067
          ],
          [
            130.992396,
            32.924
          ],
          [
            130.992029,
            32.923967
          ],
          [
            130.991688,
            32.923946
          ],
          [
            130.991246,
            32.923938
          ],
          [
            130.990804,
            32.923954
          ],
          [
            130.990317,
            32.924
          ],
          [
            130.9898,
            32.924058
          ],
          [
            130.989254,
            32.924138
          ],
          [
            130.988925,
            32.924167
          ],
          [
            130.988679,
            32.924183
          ],
          [
            130.988421,
            32.924183
          ],
          [
            130.9881,
            32.924167
          ],
          [
            130.987775,
            32.924133
          ],
          [
            130.987433,
            32.924071
          ],
          [
            130.987146,
            32.924004
          ],
          [
            130.986838,
            32.9239
          ],
          [
            130.986554,
            32.923792
          ],
          [
            130.986288,
            32.923667
          ],
          [
            130.986017,
            32.923517
          ],
          [
            130.985787,
            32.923363
          ],
          [
            130.985571,
            32.9232
          ],
          [
            130.985383,
            32.923046
          ],
          [
            130.985196,
            32.92285
          ],
          [
            130.985013,
            32.922646
          ],
          [
            130.98485,
            32.922438
          ],
          [
            130.9847,
            32.9222
          ],
          [
            130.984563,
            32.921963
          ],
          [
            130.984458,
            32.921738
          ],
          [
            130.984383,
            32.921487
          ],
          [
            130.984317,
            32.921246
          ],
          [
            130.984254,
            32.920804
          ],
          [
            130.9842,
            32.920154
          ],
          [
            130.984187,
            32.920033
          ],
          [
            130.984154,
            32.919733
          ],
          [
            130.984104,
            32.919408
          ],
          [
            130.984021,
            32.919013
          ],
          [
            130.983954,
            32.918783
          ],
          [
            130.98385,
            32.918492
          ],
          [
            130.983754,
            32.918262
          ],
          [
            130.983621,
            32.917971
          ],
          [
            130.983488,
            32.917721
          ],
          [
            130.983325,
            32.917471
          ],
          [
            130.983167,
            32.917221
          ],
          [
            130.982933,
            32.916913
          ],
          [
            130.982717,
            32.916667
          ],
          [
            130.982463,
            32.916404
          ],
          [
            130.982058,
            32.916025
          ],
          [
            130.981906,
            32.915901
          ]
        ]
      }
    },
    {
      "type": "Feature",
      "id": "mlit-2026-kumamoto-road-restriction-025",
      "properties": {
        "classification": "OBSERVED_PUBLIC",
        "source_feature_index": 24,
        "prefecture": "熊本県",
        "municipality": "上益城郡山都町",
        "road_kind": "高速道路",
        "route_name": "E10九州中央自動車道",
        "restriction_kind": "災害",
        "restriction_reason": "地震による路面段差",
        "restriction_started_at": "2026/7/28/17:23",
        "restriction_status": "全面通行止",
        "length_km": null
      },
      "geometry": {
        "type": "LineString",
        "coordinates": [
          [
            130.792004,
            32.753737
          ],
          [
            130.792175,
            32.753704
          ],
          [
            130.792504,
            32.753633
          ],
          [
            130.792971,
            32.753517
          ],
          [
            130.7931,
            32.753479
          ],
          [
            130.793438,
            32.753379
          ],
          [
            130.793804,
            32.753258
          ],
          [
            130.794175,
            32.753129
          ],
          [
            130.794742,
            32.7529
          ],
          [
            130.795075,
            32.75275
          ],
          [
            130.795388,
            32.7526
          ],
          [
            130.79555,
            32.752521
          ],
          [
            130.795725,
            32.752425
          ],
          [
            130.79595,
            32.7523
          ],
          [
            130.79625,
            32.752129
          ],
          [
            130.796362,
            32.752054
          ],
          [
            130.796471,
            32.751988
          ],
          [
            130.796658,
            32.751867
          ],
          [
            130.797317,
            32.751442
          ],
          [
            130.797446,
            32.75135
          ],
          [
            130.797763,
            32.751096
          ],
          [
            130.797921,
            32.750908
          ],
          [
            130.798138,
            32.7507
          ],
          [
            130.798417,
            32.750429
          ],
          [
            130.798821,
            32.75
          ],
          [
            130.798958,
            32.74985
          ],
          [
            130.799138,
            32.749638
          ],
          [
            130.799292,
            32.749446
          ],
          [
            130.79945,
            32.749242
          ],
          [
            130.799642,
            32.748967
          ],
          [
            130.799862,
            32.748629
          ],
          [
            130.800004,
            32.748404
          ],
          [
            130.800238,
            32.747967
          ],
          [
            130.800529,
            32.7473
          ],
          [
            130.800783,
            32.746708
          ],
          [
            130.801029,
            32.746213
          ],
          [
            130.801079,
            32.7461
          ],
          [
            130.801179,
            32.745908
          ],
          [
            130.801413,
            32.745492
          ],
          [
            130.801692,
            32.745054
          ],
          [
            130.801829,
            32.744867
          ],
          [
            130.802088,
            32.744533
          ],
          [
            130.802283,
            32.744292
          ],
          [
            130.802445,
            32.744116
          ]
        ]
      }
    },
    {
      "type": "Feature",
      "id": "mlit-2026-kumamoto-road-restriction-026",
      "properties": {
        "classification": "OBSERVED_PUBLIC",
        "source_feature_index": 25,
        "prefecture": "熊本県",
        "municipality": "八代郡氷川町",
        "road_kind": "直轄国道",
        "route_name": "３号",
        "restriction_kind": "災害",
        "restriction_reason": "地震による路面段差",
        "restriction_started_at": "2026/7/28/17:45",
        "restriction_status": "全面通行止",
        "length_km": null
      },
      "geometry": {
        "type": "LineString",
        "coordinates": [
          [
            130.69583,
            32.577749
          ],
          [
            130.695792,
            32.577683
          ],
          [
            130.695433,
            32.577125
          ],
          [
            130.69485,
            32.576258
          ],
          [
            130.694721,
            32.576017
          ],
          [
            130.694263,
            32.575271
          ],
          [
            130.693658,
            32.574333
          ],
          [
            130.693133,
            32.573517
          ],
          [
            130.692675,
            32.572804
          ],
          [
            130.692275,
            32.572175
          ],
          [
            130.6918,
            32.571375
          ],
          [
            130.691446,
            32.570758
          ],
          [
            130.691292,
            32.570479
          ],
          [
            130.691033,
            32.570004
          ],
          [
            130.690663,
            32.569358
          ],
          [
            130.690171,
            32.568542
          ],
          [
            130.689983,
            32.5682
          ],
          [
            130.689404,
            32.567212
          ],
          [
            130.6893,
            32.56705
          ],
          [
            130.689088,
            32.566692
          ],
          [
            130.688942,
            32.566492
          ],
          [
            130.688508,
            32.565933
          ],
          [
            130.688004,
            32.565304
          ],
          [
            130.687817,
            32.565071
          ],
          [
            130.687121,
            32.564212
          ],
          [
            130.686617,
            32.563583
          ],
          [
            130.686408,
            32.563321
          ],
          [
            130.685842,
            32.562633
          ],
          [
            130.685517,
            32.562229
          ],
          [
            130.684975,
            32.561554
          ],
          [
            130.684954,
            32.561529
          ],
          [
            130.684433,
            32.560888
          ],
          [
            130.683975,
            32.560317
          ],
          [
            130.683338,
            32.559525
          ],
          [
            130.682692,
            32.558725
          ],
          [
            130.682667,
            32.558696
          ],
          [
            130.682442,
            32.558413
          ],
          [
            130.682221,
            32.558138
          ],
          [
            130.6822,
            32.558113
          ],
          [
            130.681996,
            32.557817
          ],
          [
            130.681621,
            32.557292
          ],
          [
            130.681579,
            32.55723
          ]
        ]
      }
    },
    {
      "type": "Feature",
      "id": "mlit-2026-kumamoto-road-restriction-027",
      "properties": {
        "classification": "OBSERVED_PUBLIC",
        "source_feature_index": 26,
        "prefecture": "熊本県",
        "municipality": "八代市",
        "road_kind": "補助国道",
        "route_name": "国道219号",
        "restriction_kind": "災害",
        "restriction_reason": "橋梁損傷",
        "restriction_started_at": "2026/7/28 19:00",
        "restriction_status": "全面通行止",
        "length_km": 0.65
      },
      "geometry": {
        "type": "LineString",
        "coordinates": [
          [
            130.62387,
            32.500893
          ],
          [
            130.623842,
            32.500775
          ],
          [
            130.623683,
            32.500092
          ],
          [
            130.623663,
            32.5
          ],
          [
            130.62295,
            32.497075
          ],
          [
            130.622679,
            32.495958
          ],
          [
            130.622454,
            32.495025
          ],
          [
            130.622447,
            32.494996
          ]
        ]
      }
    },
    {
      "type": "Feature",
      "id": "mlit-2026-kumamoto-road-restriction-028",
      "properties": {
        "classification": "OBSERVED_PUBLIC",
        "source_feature_index": 27,
        "prefecture": "熊本県",
        "municipality": "宇城市",
        "road_kind": "補助国道",
        "route_name": "国道218号",
        "restriction_kind": "災害",
        "restriction_reason": "橋梁損傷",
        "restriction_started_at": "2026/7/28 19:00",
        "restriction_status": "全面通行止",
        "length_km": 0.4
      },
      "geometry": {
        "type": "LineString",
        "coordinates": [
          [
            130.745033,
            32.643671
          ],
          [
            130.744632,
            32.643754
          ]
        ]
      }
    },
    {
      "type": "Feature",
      "id": "mlit-2026-kumamoto-road-restriction-029",
      "properties": {
        "classification": "OBSERVED_PUBLIC",
        "source_feature_index": 28,
        "prefecture": "熊本県",
        "municipality": "宇城市",
        "road_kind": "補助国道",
        "route_name": "国道266号",
        "restriction_kind": "災害",
        "restriction_reason": "橋梁損傷",
        "restriction_started_at": "2026/7/28 19:00",
        "restriction_status": "全面通行止",
        "length_km": 0.45
      },
      "geometry": {
        "type": "LineString",
        "coordinates": [
          [
            130.669476,
            32.647881
          ],
          [
            130.669558,
            32.647908
          ],
          [
            130.669908,
            32.648017
          ],
          [
            130.669926,
            32.648023
          ]
        ]
      }
    }
  ]
}
