{
  "type": "FeatureCollection",
  "name": "2026 Kumamoto earthquake: GSI observed landslide/deposition polygons",
  "source": {
    "classification": "OBSERVED_PUBLIC",
    "provider": "Geospatial Information Authority of Japan",
    "url": "https://www1.gsi.go.jp/geowww/saigai/20260728_kumamoto/hokai/kumamoto_yatsushiro0814.zip",
    "source_zip_sha256": "8133f7cb714990cc5b9fe6bfb10fb991009a413569a4468b3ffe8686c0532531",
    "revision": "2026-08-14",
    "interpretation": "GSI interpretation of aerial photographs captured from 2026-07-29 through 2026-08-03.",
    "attribution": "Geospatial Information Authority of Japan",
    "license_note": "Reuse with source attribution under the content-use terms and disclaimer carried in the source ZIP and linked incident page."
  },
  "bbox": [
    [
      130.55395575937732,
      32.33150921314052
    ],
    [
      130.99875261911345,
      32.813349353110084
    ]
  ],
  "features": [
    {
      "type": "Feature",
      "id": "gsi-2026-kumamoto-landslide-001",
      "properties": {
        "classification": "OBSERVED_PUBLIC",
        "source_feature_index": 0,
        "observed_by": "Geospatial Information Authority of Japan",
        "observation_kind": "LANDSLIDE_OR_DEPOSITION_POLYGON"
      },
      "geometry": {
        "type": "MultiPolygon",
        "coordinates": [
          [
            [
              [
                130.66448070829884,
                32.802020046756795
              ],
              [
                130.66450001973809,
                32.80200381457326
              ],
              [
                130.66450001973809,
                32.80199632279523
              ],
              [
                130.66448219379416,
                32.8019813392373
              ],
              [
                130.66443020145775,
                32.801963858416514
              ],
              [
                130.6643930640746,
                32.80195636663514
              ],
              [
                130.66434255723345,
                32.80194013443996
              ],
              [
                130.66426976796248,
                32.801932642656574
              ],
              [
                130.66418955121483,
                32.80191516182622
              ],
              [
                130.66411676194383,
                32.801907670040734
              ],
              [
                130.66407368257936,
                32.80191141593355
              ],
              [
                130.66403357420555,
                32.80193389128717
              ],
              [
                130.66400089330835,
                32.801960112525904
              ],
              [
                130.66398306736443,
                32.801995074165504
              ],
              [
                130.66398900934573,
                32.8020187981274
              ],
              [
                130.66402763222422,
                32.80203627893738
              ],
              [
                130.66407813906534,
                32.80203378167902
              ],
              [
                130.66412418942045,
                32.80202878716209
              ],
              [
                130.6641702397756,
                32.80203128442059
              ],
              [
                130.6642044061681,
                32.80204002482478
              ],
              [
                130.66423560156994,
                32.80205875425944
              ],
              [
                130.66427570994378,
                32.802068743289645
              ],
              [
                130.66431730381294,
                32.80206374877468
              ],
              [
                130.6643663251587,
                32.802045019341065
              ],
              [
                130.6644108900185,
                32.802021295386176
              ],
              [
                130.66448070829884,
                32.802020046756795
              ]
            ]
          ]
        ]
      }
    },
    {
      "type": "Feature",
      "id": "gsi-2026-kumamoto-landslide-002",
      "properties": {
        "classification": "OBSERVED_PUBLIC",
        "source_feature_index": 1,
        "observed_by": "Geospatial Information Authority of Japan",
        "observation_kind": "LANDSLIDE_OR_DEPOSITION_POLYGON"
      },
      "geometry": {
        "type": "MultiPolygon",
        "coordinates": [
          [
            [
              [
                130.6631678192763,
                32.813286097262115
              ],
              [
                130.6632668522981,
                32.81331106668117
              ],
              [
                130.66333419475293,
                32.81333270683867
              ],
              [
                130.66339559522643,
                32.813349353110084
              ],
              [
                130.66350849287127,
                32.81334269460189
              ],
              [
                130.66361346787434,
                32.81333270683867
              ],
              [
                130.66368279098958,
                32.81331273130886
              ],
              [
                130.66371052023567,
                32.813284432633935
              ],
              [
                130.6637006169335,
                32.813244481548125
              ],
              [
                130.6636669457061,
                32.81321951211038
              ],
              [
                130.66355206740081,
                32.81318788414581
              ],
              [
                130.66344709239777,
                32.81318122562552
              ],
              [
                130.66332231079033,
                32.81317623173497
              ],
              [
                130.66318366455982,
                32.813162914692136
              ],
              [
                130.66304501832934,
                32.813132951338496
              ],
              [
                130.66296381125147,
                32.81310964650089
              ],
              [
                130.66287864285277,
                32.81310964650089
              ],
              [
                130.66284299096495,
                32.81312962207635
              ],
              [
                130.66285487492755,
                32.81316457932261
              ],
              [
                130.66288854615496,
                32.8132095243333
              ],
              [
                130.66298163719543,
                32.81325613395001
              ],
              [
                130.66306878625457,
                32.813281103377484
              ],
              [
                130.6631678192763,
                32.813286097262115
              ]
            ]
          ]
        ]
      }
    },
    {
      "type": "Feature",
      "id": "gsi-2026-kumamoto-landslide-003",
      "properties": {
        "classification": "OBSERVED_PUBLIC",
        "source_feature_index": 2,
        "observed_by": "Geospatial Information Authority of Japan",
        "observation_kind": "LANDSLIDE_OR_DEPOSITION_POLYGON"
      },
      "geometry": {
        "type": "MultiPolygon",
        "coordinates": [
          [
            [
              [
                130.70352155445923,
                32.806898152152414
              ],
              [
                130.70353615477717,
                32.80688786856784
              ],
              [
                130.7035435822538,
                32.80686477018609
              ],
              [
                130.7035472959921,
                32.80680359065946
              ],
              [
                130.70353986851546,
                32.806730549740884
              ],
              [
                130.70352872730052,
                32.80667249153203
              ],
              [
                130.7035153578426,
                32.80664752024773
              ],
              [
                130.70349381816035,
                32.80663753173206
              ],
              [
                130.70347885841275,
                32.80664823084552
              ],
              [
                130.70345649381696,
                32.806649939711534
              ],
              [
                130.7034381120856,
                32.806630664626866
              ],
              [
                130.70341211591736,
                32.806635658885234
              ],
              [
                130.70338533373948,
                32.80666019290698
              ],
              [
                130.70337618458666,
                32.80671231329889
              ],
              [
                130.70336805200637,
                32.806767851387775
              ],
              [
                130.7033751680141,
                32.80684389579166
              ],
              [
                130.70339346631974,
                32.8068977249371
              ],
              [
                130.70342498006838,
                32.806909686964985
              ],
              [
                130.70345073879588,
                32.806907221261454
              ],
              [
                130.70346106839338,
                32.80690156987481
              ],
              [
                130.70348038327154,
                32.80688106353843
              ],
              [
                130.70349410700075,
                32.80689088949187
              ],
              [
                130.70349715671838,
                32.80690456038181
              ],
              [
                130.70352155445923,
                32.806898152152414
              ]
            ]
          ]
        ]
      }
    },
    {
      "type": "Feature",
      "id": "gsi-2026-kumamoto-landslide-004",
      "properties": {
        "classification": "OBSERVED_PUBLIC",
        "source_feature_index": 3,
        "observed_by": "Geospatial Information Authority of Japan",
        "observation_kind": "LANDSLIDE_OR_DEPOSITION_POLYGON"
      },
      "geometry": {
        "type": "MultiPolygon",
        "coordinates": [
          [
            [
              [
                130.87111314813066,
                32.794981355850716
              ],
              [
                130.87119707067885,
                32.79494715149357
              ],
              [
                130.87124666127553,
                32.79490653380235
              ],
              [
                130.8712733639045,
                32.794883018288424
              ],
              [
                130.8712765427889,
                32.7948611060994
              ],
              [
                130.87126827768944,
                32.794844538343135
              ],
              [
                130.8712314026304,
                32.79483491835421
              ],
              [
                130.87121232932398,
                32.794831711691
              ],
              [
                130.87119544483,
                32.79483466825797
              ],
              [
                130.87117792005216,
                32.79483650971104
              ],
              [
                130.87115491878126,
                32.7948411133435
              ],
              [
                130.87113082221177,
                32.79485308278683
              ],
              [
                130.87108920086442,
                32.79488070457296
              ],
              [
                130.87104757951704,
                32.79490740562473
              ],
              [
                130.8710015769753,
                32.79493042376637
              ],
              [
                130.8709391449543,
                32.79494239319768
              ],
              [
                130.87089642830836,
                32.794950679726085
              ],
              [
                130.8708767129333,
                32.79496633205546
              ],
              [
                130.87087561763465,
                32.794982905107055
              ],
              [
                130.87089095181526,
                32.79499763670587
              ],
              [
                130.87091987195907,
                32.795011284652446
              ],
              [
                130.8709500979404,
                32.795020654824164
              ],
              [
                130.87098726430838,
                32.795023042393225
              ],
              [
                130.87101778159865,
                32.795016629080266
              ],
              [
                130.87105847131897,
                32.79500380245296
              ],
              [
                130.87111314813066,
                32.794981355850716
              ]
            ]
          ]
        ]
      }
    },
    {
      "type": "Feature",
      "id": "gsi-2026-kumamoto-landslide-005",
      "properties": {
        "classification": "OBSERVED_PUBLIC",
        "source_feature_index": 4,
        "observed_by": "Geospatial Information Authority of Japan",
        "observation_kind": "LANDSLIDE_OR_DEPOSITION_POLYGON"
      },
      "geometry": {
        "type": "MultiPolygon",
        "coordinates": [
          [
            [
              [
                130.85651219566972,
                32.727775894223626
              ],
              [
                130.85651219566972,
                32.727761900178976
              ],
              [
                130.85651323534768,
                32.727747031504116
              ],
              [
                130.85651947341557,
                32.727728664314085
              ],
              [
                130.8565319495514,
                32.72770592397833
              ],
              [
                130.8565678446644,
                32.72769413971986
              ],
              [
                130.85659836195467,
                32.72768130339048
              ],
              [
                130.8565996335084,
                32.72764065500197
              ],
              [
                130.85662448089172,
                32.72760621628389
              ],
              [
                130.85664007606144,
                32.72758172665766
              ],
              [
                130.8566415947825,
                32.72755721877799
              ],
              [
                130.8566326939062,
                32.72754438242891
              ],
              [
                130.85659836195467,
                32.72754866121214
              ],
              [
                130.8565818317558,
                32.72756256725623
              ],
              [
                130.8565385989279,
                32.727592518728436
              ],
              [
                130.85652079717525,
                32.727611773240966
              ],
              [
                130.85650491792387,
                32.72763507904901
              ],
              [
                130.85646866347108,
                32.7276567004207
              ],
              [
                130.85644565627894,
                32.72768405826541
              ],
              [
                130.85642798175326,
                32.72770417472149
              ],
              [
                130.8564196643294,
                32.72773041357043
              ],
              [
                130.85642070400735,
                32.727741783735915
              ],
              [
                130.85643941821104,
                32.72776015092324
              ],
              [
                130.85647580694038,
                32.727769771829365
              ],
              [
                130.85651219566972,
                32.727775894223626
              ]
            ]
          ]
        ]
      }
    },
    {
      "type": "Feature",
      "id": "gsi-2026-kumamoto-landslide-006",
      "properties": {
        "classification": "OBSERVED_PUBLIC",
        "source_feature_index": 5,
        "observed_by": "Geospatial Information Authority of Japan",
        "observation_kind": "LANDSLIDE_OR_DEPOSITION_POLYGON"
      },
      "geometry": {
        "type": "MultiPolygon",
        "coordinates": [
          [
            [
              [
                130.57495522659897,
                32.65902542439442
              ],
              [
                130.57510600437465,
                32.658998535760816
              ],
              [
                130.57518622112227,
                32.65897352307115
              ],
              [
                130.5752218730101,
                32.6589435078343
              ],
              [
                130.57525752489795,
                32.658898484960126
              ],
              [
                130.57529911876708,
                32.65885346206329
              ],
              [
                130.57532585768297,
                32.658815942965255
              ],
              [
                130.57539938970163,
                32.65872652238481
              ],
              [
                130.57538899123435,
                32.65870150961901
              ],
              [
                130.57536225231846,
                32.65869400578792
              ],
              [
                130.57528797755214,
                32.65869025387213
              ],
              [
                130.5752701516082,
                32.6586727449297
              ],
              [
                130.5752701516082,
                32.658618967442266
              ],
              [
                130.57529689052407,
                32.65857644568509
              ],
              [
                130.57529540502875,
                32.65854893159614
              ],
              [
                130.5752300432344,
                32.65852141749873
              ],
              [
                130.57512605856155,
                32.65850640980565
              ],
              [
                130.5750458418139,
                32.6585126630114
              ],
              [
                130.57499384947747,
                32.65852892134432
              ],
              [
                130.57497008155224,
                32.65859645592627
              ],
              [
                130.57496859605692,
                32.658676496846226
              ],
              [
                130.57496116858027,
                32.6587515351436
              ],
              [
                130.57493145867372,
                32.658829074651365
              ],
              [
                130.5748958067859,
                32.658872846924446
              ],
              [
                130.57484827093546,
                32.65889160646348
              ],
              [
                130.57478290914108,
                32.65890161154936
              ],
              [
                130.57471903284204,
                32.65891661917607
              ],
              [
                130.5746610985243,
                32.65894788505697
              ],
              [
                130.5746239611411,
                32.65898915600301
              ],
              [
                130.5746284176271,
                32.659024173760486
              ],
              [
                130.57467743897286,
                32.65905168770315
              ],
              [
                130.57476508319718,
                32.65906044213766
              ],
              [
                130.5748660968794,
                32.65904918643598
              ],
              [
                130.57495522659897,
                32.65902542439442
              ]
            ]
          ]
        ]
      }
    },
    {
      "type": "Feature",
      "id": "gsi-2026-kumamoto-landslide-007",
      "properties": {
        "classification": "OBSERVED_PUBLIC",
        "source_feature_index": 6,
        "observed_by": "Geospatial Information Authority of Japan",
        "observation_kind": "LANDSLIDE_OR_DEPOSITION_POLYGON"
      },
      "geometry": {
        "type": "MultiPolygon",
        "coordinates": [
          [
            [
              [
                130.8617224128144,
                32.71436680071023
              ],
              [
                130.86170392665034,
                32.71436457873854
              ],
              [
                130.8617224128144,
                32.71441568407352
              ],
              [
                130.86175938514253,
                32.71450011891067
              ],
              [
                130.86189142917158,
                32.71450011891067
              ],
              [
                130.86197065558898,
                32.71446234544078
              ],
              [
                130.86205252288698,
                32.71437568859646
              ],
              [
                130.8620921360957,
                32.714284587720634
              ],
              [
                130.86202875496176,
                32.71422237243489
              ],
              [
                130.8619521694249,
                32.71422903836044
              ],
              [
                130.86183597067935,
                32.714302363508594
              ],
              [
                130.8617224128144,
                32.71436680071023
              ]
            ]
          ]
        ]
      }
    },
    {
      "type": "Feature",
      "id": "gsi-2026-kumamoto-landslide-008",
      "properties": {
        "classification": "OBSERVED_PUBLIC",
        "source_feature_index": 7,
        "observed_by": "Geospatial Information Authority of Japan",
        "observation_kind": "LANDSLIDE_OR_DEPOSITION_POLYGON"
      },
      "geometry": {
        "type": "MultiPolygon",
        "coordinates": [
          [
            [
              [
                130.81519570885604,
                32.651290868242896
              ],
              [
                130.81520759281864,
                32.6512958712113
              ],
              [
                130.8152165057906,
                32.651290868242896
              ],
              [
                130.81524027371583,
                32.65126960562406
              ],
              [
                130.81526404164106,
                32.65124834300016
              ],
              [
                130.81535317136064,
                32.65119205955955
              ],
              [
                130.8153620843326,
                32.651152035758024
              ],
              [
                130.81535465685596,
                32.651133274594876
              ],
              [
                130.81531454848215,
                32.65110951044926
              ],
              [
                130.81528186758496,
                32.65109700300166
              ],
              [
                130.8152506721831,
                32.65108449555231
              ],
              [
                130.81521502029526,
                32.6510732388464
              ],
              [
                130.81517491192145,
                32.651065734374995
              ],
              [
                130.81513926003362,
                32.65105322692128
              ],
              [
                130.81509320967848,
                32.65103696722881
              ],
              [
                130.81507835472524,
                32.65102696126275
              ],
              [
                130.81506349977192,
                32.651009450819444
              ],
              [
                130.81505013031398,
                32.650989438880046
              ],
              [
                130.8150382463514,
                32.650963173202776
              ],
              [
                130.8150293333794,
                32.65095191648162
              ],
              [
                130.81496842807104,
                32.650930653782176
              ],
              [
                130.81493871816448,
                32.6509381582649
              ],
              [
                130.81491792122995,
                32.65094941498782
              ],
              [
                130.81490158078134,
                32.6509644239495
              ],
              [
                130.81488969681877,
                32.65097818216217
              ],
              [
                130.81487929835146,
                32.65099819410409
              ],
              [
                130.81487187087484,
                32.651019456787466
              ],
              [
                130.81487187087484,
                32.65104947468481
              ],
              [
                130.81487929835146,
                32.65107574033672
              ],
              [
                130.81492089222058,
                32.65111701491698
              ],
              [
                130.81492386321128,
                32.651118265661545
              ],
              [
                130.8149595150991,
                32.651130773106175
              ],
              [
                130.81500556545421,
                32.65113577608353
              ],
              [
                130.8150293333794,
                32.65114077906062
              ],
              [
                130.81507686922987,
                32.65115828947819
              ],
              [
                130.8150976661645,
                32.65117454914859
              ],
              [
                130.81512589057567,
                32.651200814763754
              ],
              [
                130.81514371651957,
                32.651220826655845
              ],
              [
                130.81516748444483,
                32.65125209522828
              ],
              [
                130.81519570885604,
                32.651290868242896
              ]
            ]
          ]
        ]
      }
    },
    {
      "type": "Feature",
      "id": "gsi-2026-kumamoto-landslide-009",
      "properties": {
        "classification": "OBSERVED_PUBLIC",
        "source_feature_index": 8,
        "observed_by": "Geospatial Information Authority of Japan",
        "observation_kind": "LANDSLIDE_OR_DEPOSITION_POLYGON"
      },
      "geometry": {
        "type": "MultiPolygon",
        "coordinates": [
          [
            [
              [
                130.75587856104377,
                32.67558994155942
              ],
              [
                130.7558343260686,
                32.675661470746746
              ],
              [
                130.7558389823818,
                32.67574475808446
              ],
              [
                130.75601825043915,
                32.675817266997605
              ],
              [
                130.75609740776318,
                32.675826085645184
              ],
              [
                130.75618471363532,
                32.67578983119955
              ],
              [
                130.75619984665315,
                32.67571732226414
              ],
              [
                130.75619635441825,
                32.675631095345416
              ],
              [
                130.75615561167794,
                32.67557622362654
              ],
              [
                130.75604735239654,
                32.67556544524923
              ],
              [
                130.75591231931435,
                32.67557524377411
              ],
              [
                130.75587856104377,
                32.67558994155942
              ]
            ]
          ]
        ]
      }
    },
    {
      "type": "Feature",
      "id": "gsi-2026-kumamoto-landslide-010",
      "properties": {
        "classification": "OBSERVED_PUBLIC",
        "source_feature_index": 9,
        "observed_by": "Geospatial Information Authority of Japan",
        "observation_kind": "LANDSLIDE_OR_DEPOSITION_POLYGON"
      },
      "geometry": {
        "type": "MultiPolygon",
        "coordinates": [
          [
            [
              [
                130.6948809554076,
                32.66450924825686
              ],
              [
                130.69487629909443,
                32.66448651286188
              ],
              [
                130.6948707115186,
                32.66448180898634
              ],
              [
                130.69483997985162,
                32.66447004929639
              ],
              [
                130.69483997985162,
                32.66447004929639
              ],
              [
                130.69483439227582,
                32.664465345419984
              ],
              [
                130.69481669828573,
                32.66443869011564
              ],
              [
                130.69480179808357,
                32.66442065858172
              ],
              [
                130.69478689788141,
                32.66439165132388
              ],
              [
                130.6947766539924,
                32.664357156194185
              ],
              [
                130.69476734136606,
                32.664337556682746
              ],
              [
                130.69475989126497,
                32.664317957167
              ],
              [
                130.69475523495177,
                32.664295221723364
              ],
              [
                130.69475616621443,
                32.664286597932886
              ],
              [
                130.69474219727488,
                32.66425915859401
              ],
              [
                130.69472450328482,
                32.66424269498663
              ],
              [
                130.6947114656079,
                32.66423799109825
              ],
              [
                130.69467421510248,
                32.66423485517253
              ],
              [
                130.6946490710113,
                32.66422858332075
              ],
              [
                130.69463323954648,
                32.66422152748697
              ],
              [
                130.69458853894,
                32.66420976776279
              ],
              [
                130.69456246358618,
                32.664207415817756
              ],
              [
                130.6945214880302,
                32.664207415817756
              ],
              [
                130.69450379404012,
                32.66421211970775
              ],
              [
                130.69450286277748,
                32.66421760757908
              ],
              [
                130.69450472530275,
                32.664233287209626
              ],
              [
                130.69452335055547,
                32.66424504693073
              ],
              [
                130.6945391820203,
                32.66425837461277
              ],
              [
                130.69456060106089,
                32.66428111006579
              ],
              [
                130.694568051162,
                32.66428581395189
              ],
              [
                130.69458015757627,
                32.66430541347467
              ],
              [
                130.6945894702026,
                32.66432501299317
              ],
              [
                130.69459226399053,
                32.66433990862434
              ],
              [
                130.69459971409162,
                32.66435950813526
              ],
              [
                130.69461088924325,
                32.664383811522846
              ],
              [
                130.69461368303115,
                32.66441360276312
              ],
              [
                130.69463044575858,
                32.66443163429845
              ],
              [
                130.6946565211124,
                32.664451233789265
              ],
              [
                130.6946909778299,
                32.664475537151894
              ],
              [
                130.6947217094969,
                32.66450219244524
              ],
              [
                130.69475709747704,
                32.66451865600481
              ],
              [
                130.69481949207366,
                32.66451865600481
              ],
              [
                130.6948809554076,
                32.66450924825686
              ]
            ]
          ]
        ]
      }
    },
    {
      "type": "Feature",
      "id": "gsi-2026-kumamoto-landslide-011",
      "properties": {
        "classification": "OBSERVED_PUBLIC",
        "source_feature_index": 10,
        "observed_by": "Geospatial Information Authority of Japan",
        "observation_kind": "LANDSLIDE_OR_DEPOSITION_POLYGON"
      },
      "geometry": {
        "type": "MultiPolygon",
        "coordinates": [
          [
            [
              [
                130.81754795446574,
                32.6241556919011
              ],
              [
                130.81749709719855,
                32.624191075900534
              ],
              [
                130.81750041397683,
                32.62428512277835
              ],
              [
                130.81750815312617,
                32.62438754995861
              ],
              [
                130.81750815312617,
                32.62447787201121
              ],
              [
                130.8175302649815,
                32.62450580664822
              ],
              [
                130.81760212851123,
                32.624501150876
              ],
              [
                130.81764082425798,
                32.62447321623755
              ],
              [
                130.81765961933493,
                32.62446297353459
              ],
              [
                130.81767841441197,
                32.624413622313064
              ],
              [
                130.8176839423758,
                32.62438103186881
              ],
              [
                130.81765188018562,
                32.624313988631926
              ],
              [
                130.81763529629413,
                32.62425998154346
              ],
              [
                130.8176341907014,
                32.6242218040992
              ],
              [
                130.8176341907014,
                32.624184557796426
              ],
              [
                130.81762313477373,
                32.624169659270976
              ],
              [
                130.81754795446574,
                32.6241556919011
              ]
            ]
          ]
        ]
      }
    },
    {
      "type": "Feature",
      "id": "gsi-2026-kumamoto-landslide-012",
      "properties": {
        "classification": "OBSERVED_PUBLIC",
        "source_feature_index": 11,
        "observed_by": "Geospatial Information Authority of Japan",
        "observation_kind": "LANDSLIDE_OR_DEPOSITION_POLYGON"
      },
      "geometry": {
        "type": "MultiPolygon",
        "coordinates": [
          [
            [
              [
                130.79329628749952,
                32.60212597164503
              ],
              [
                130.79325369875437,
                32.6021409498972
              ],
              [
                130.79321051330393,
                32.60219174574016
              ],
              [
                130.79326386928727,
                32.602223105344365
              ],
              [
                130.79338992767998,
                32.602212485788584
              ],
              [
                130.7937677294576,
                32.60216651313248
              ],
              [
                130.79381810302792,
                32.60216651313248
              ],
              [
                130.79380550963535,
                32.60208164047465
              ],
              [
                130.79342351006025,
                32.60211346773076
              ],
              [
                130.79329628749952,
                32.60212597164503
              ]
            ]
          ]
        ]
      }
    },
    {
      "type": "Feature",
      "id": "gsi-2026-kumamoto-landslide-013",
      "properties": {
        "classification": "OBSERVED_PUBLIC",
        "source_feature_index": 12,
        "observed_by": "Geospatial Information Authority of Japan",
        "observation_kind": "LANDSLIDE_OR_DEPOSITION_POLYGON"
      },
      "geometry": {
        "type": "MultiPolygon",
        "coordinates": [
          [
            [
              [
                130.71439006612297,
                32.58703195309039
              ],
              [
                130.71439006612297,
                32.587123641695264
              ],
              [
                130.7144305571597,
                32.58723238852364
              ],
              [
                130.71448876302497,
                32.58732834149793
              ],
              [
                130.7145317847514,
                32.58734539979374
              ],
              [
                130.71459505199624,
                32.58734539979374
              ],
              [
                130.71462035889414,
                32.5873091509113
              ],
              [
                130.71455709164934,
                32.587166287526024
              ],
              [
                130.71449888578408,
                32.58704901144259
              ],
              [
                130.7144659868168,
                32.586978645718865
              ],
              [
                130.71444827198826,
                32.58697011653647
              ],
              [
                130.71439006612297,
                32.58703195309039
              ]
            ]
          ]
        ]
      }
    },
    {
      "type": "Feature",
      "id": "gsi-2026-kumamoto-landslide-014",
      "properties": {
        "classification": "OBSERVED_PUBLIC",
        "source_feature_index": 13,
        "observed_by": "Geospatial Information Authority of Japan",
        "observation_kind": "LANDSLIDE_OR_DEPOSITION_POLYGON"
      },
      "geometry": {
        "type": "MultiPolygon",
        "coordinates": [
          [
            [
              [
                130.7162324082925,
                32.58722332629297
              ],
              [
                130.71633760832952,
                32.5872499979296
              ],
              [
                130.71637571929128,
                32.58719760589194
              ],
              [
                130.71630752072812,
                32.58710296213338
              ],
              [
                130.71622728712444,
                32.587111412473035
              ],
              [
                130.71617799846194,
                32.587151894560414
              ],
              [
                130.7160476679376,
                32.58727556737478
              ],
              [
                130.71600338086623,
                32.58732354385167
              ],
              [
                130.71595782844994,
                32.58736618958732
              ],
              [
                130.71590974534385,
                32.587416298300816
              ],
              [
                130.71592619482752,
                32.58745041485567
              ],
              [
                130.71594897103566,
                32.58750052352206
              ],
              [
                130.71598693138256,
                32.587507986512534
              ],
              [
                130.71601856500496,
                32.587506920371084
              ],
              [
                130.71601729966005,
                32.58746640698629
              ],
              [
                130.7160464025927,
                32.58740030616126
              ],
              [
                130.71609448569876,
                32.587344866722034
              ],
              [
                130.71615016087424,
                32.5872808980957
              ],
              [
                130.7162324082925,
                32.58722332629297
              ]
            ]
          ]
        ]
      }
    },
    {
      "type": "Feature",
      "id": "gsi-2026-kumamoto-landslide-015",
      "properties": {
        "classification": "OBSERVED_PUBLIC",
        "source_feature_index": 14,
        "observed_by": "Geospatial Information Authority of Japan",
        "observation_kind": "LANDSLIDE_OR_DEPOSITION_POLYGON"
      },
      "geometry": {
        "type": "MultiPolygon",
        "coordinates": [
          [
            [
              [
                130.60021929145051,
                32.50830759240578
              ],
              [
                130.60018737183776,
                32.50833636707296
              ],
              [
                130.6001620562828,
                32.508409696021864
              ],
              [
                130.60019397589556,
                32.5084375424425
              ],
              [
                130.6002897347338,
                32.508425475661284
              ],
              [
                130.6003381644911,
                32.508421762805206
              ],
              [
                130.6003953996588,
                32.50841526530669
              ],
              [
                130.60045263482647,
                32.50840969602187
              ],
              [
                130.60049115849705,
                32.5083902035223
              ],
              [
                130.60050326593637,
                32.5083400799358
              ],
              [
                130.60049446052594,
                32.50823055050961
              ],
              [
                130.60048345376293,
                32.50818042683086
              ],
              [
                130.60048455443922,
                32.50810245660839
              ],
              [
                130.60047464835253,
                32.50804583533303
              ],
              [
                130.6004636415895,
                32.50801706057287
              ],
              [
                130.60040310439288,
                32.50800406551687
              ],
              [
                130.60034696990152,
                32.50800685017188
              ],
              [
                130.60035137260672,
                32.508058830382986
              ],
              [
                130.60035357395932,
                32.50810802591224
              ],
              [
                130.60035687598824,
                32.508193421861364
              ],
              [
                130.60035577531193,
                32.50823055050961
              ],
              [
                130.60035577531193,
                32.50827046378935
              ],
              [
                130.600352473283,
                32.50830295132957
              ],
              [
                130.60030899656908,
                32.50830573597533
              ],
              [
                130.60025671444478,
                32.50830759240578
              ],
              [
                130.60021929145051,
                32.50830759240578
              ]
            ]
          ]
        ]
      }
    },
    {
      "type": "Feature",
      "id": "gsi-2026-kumamoto-landslide-016",
      "properties": {
        "classification": "OBSERVED_PUBLIC",
        "source_feature_index": 15,
        "observed_by": "Geospatial Information Authority of Japan",
        "observation_kind": "LANDSLIDE_OR_DEPOSITION_POLYGON"
      },
      "geometry": {
        "type": "MultiPolygon",
        "coordinates": [
          [
            [
              [
                130.56178527000685,
                32.331871035481996
              ],
              [
                130.56194584848353,
                32.33180965500806
              ],
              [
                130.56207201728662,
                32.331745043937914
              ],
              [
                130.56212936674257,
                32.33168689393535
              ],
              [
                130.56222877246623,
                32.331609360540504
              ],
              [
                130.5623472946752,
                32.331544749327385
              ],
              [
                130.56239317423996,
                32.331518904829224
              ],
              [
                130.5624619935871,
                32.33150921314052
              ],
              [
                130.56248875666654,
                32.33156090213499
              ],
              [
                130.56249257996362,
                32.331609360540504
              ],
              [
                130.56245434699298,
                32.33169658560504
              ],
              [
                130.56240082083409,
                32.33178381058554
              ],
              [
                130.56230906170455,
                32.33183872997458
              ],
              [
                130.56217142301026,
                32.3319001104288
              ],
              [
                130.56209113377193,
                32.33194533810526
              ],
              [
                130.56204907750424,
                32.33196795193502
              ],
              [
                130.56194584848353,
                32.33200348794179
              ],
              [
                130.56178527000685,
                32.331871035481996
              ]
            ]
          ]
        ]
      }
    },
    {
      "type": "Feature",
      "id": "gsi-2026-kumamoto-landslide-017",
      "properties": {
        "classification": "OBSERVED_PUBLIC",
        "source_feature_index": 16,
        "observed_by": "Geospatial Information Authority of Japan",
        "observation_kind": "LANDSLIDE_OR_DEPOSITION_POLYGON"
      },
      "geometry": {
        "type": "MultiPolygon",
        "coordinates": [
          [
            [
              [
                130.61942743363912,
                32.39951690604605
              ],
              [
                130.61944823057374,
                32.399436633888854
              ],
              [
                130.61951953434937,
                32.399351344643634
              ],
              [
                130.6195878671344,
                32.39928863191191
              ],
              [
                130.6196056930783,
                32.39922842764849
              ],
              [
                130.61955221524656,
                32.39917574888505
              ],
              [
                130.619454172555,
                32.39915568077662
              ],
              [
                130.61933830391953,
                32.399158189290404
              ],
              [
                130.61921946429342,
                32.399190799963456
              ],
              [
                130.61916895745227,
                32.39923595318361
              ],
              [
                130.61911547962052,
                32.39929615744201
              ],
              [
                130.61912439259248,
                32.39934131060947
              ],
              [
                130.61918678339626,
                32.399401514797624
              ],
              [
                130.6192818550971,
                32.39945921044027
              ],
              [
                130.61932939094757,
                32.39950185502202
              ],
              [
                130.6193798977887,
                32.39951690604605
              ],
              [
                130.61942743363912,
                32.39951690604605
              ]
            ]
          ]
        ]
      }
    },
    {
      "type": "Feature",
      "id": "gsi-2026-kumamoto-landslide-018",
      "properties": {
        "classification": "OBSERVED_PUBLIC",
        "source_feature_index": 17,
        "observed_by": "Geospatial Information Authority of Japan",
        "observation_kind": "LANDSLIDE_OR_DEPOSITION_POLYGON"
      },
      "geometry": {
        "type": "MultiPolygon",
        "coordinates": [
          [
            [
              [
                130.69666840398074,
                32.54019191244045
              ],
              [
                130.69663885689923,
                32.540313885192646
              ],
              [
                130.69654104753852,
                32.54036419292922
              ],
              [
                130.69649365909493,
                32.540456575084164
              ],
              [
                130.69649706352004,
                32.54051785987911
              ],
              [
                130.69650877123024,
                32.540534309430406
              ],
              [
                130.69654104753852,
                32.540536473087464
              ],
              [
                130.6966414586126,
                32.54052114978961
              ],
              [
                130.69665056460943,
                32.54049702377647
              ],
              [
                130.69669869630692,
                32.54049921705066
              ],
              [
                130.69679495970198,
                32.54052114978961
              ],
              [
                130.69686000253645,
                32.54052553633676
              ],
              [
                130.6969432573646,
                32.54052114978961
              ],
              [
                130.69701350362584,
                32.540516763242245
              ],
              [
                130.69709155502724,
                32.54048605740472
              ],
              [
                130.69712451775044,
                32.540401645165645
              ],
              [
                130.69710082352861,
                32.54033672794591
              ],
              [
                130.69700604664143,
                32.54028679159109
              ],
              [
                130.69694689234984,
                32.540230275365055
              ],
              [
                130.6968106505745,
                32.540202810342784
              ],
              [
                130.69673356309067,
                32.54018442197691
              ],
              [
                130.6967128306466,
                32.54018192515559
              ],
              [
                130.69666840398074,
                32.54019191244045
              ]
            ]
          ]
        ]
      }
    },
    {
      "type": "Feature",
      "id": "gsi-2026-kumamoto-landslide-019",
      "properties": {
        "classification": "OBSERVED_PUBLIC",
        "source_feature_index": 18,
        "observed_by": "Geospatial Information Authority of Japan",
        "observation_kind": "LANDSLIDE_OR_DEPOSITION_POLYGON"
      },
      "geometry": {
        "type": "MultiPolygon",
        "coordinates": [
          [
            [
              [
                130.5539638144578,
                32.53986405153102
              ],
              [
                130.55395575937732,
                32.53991667845745
              ],
              [
                130.5540222137918,
                32.539986281764406
              ],
              [
                130.5541195533451,
                32.54002898970497
              ],
              [
                130.55418979960632,
                32.540057502413866
              ],
              [
                130.55433434816283,
                32.54002872277877
              ],
              [
                130.55436151268938,
                32.540075048691776
              ],
              [
                130.55432226554205,
                32.540127185854786
              ],
              [
                130.55434240324337,
                32.54019848663557
              ],
              [
                130.55439274749682,
                32.54021716064022
              ],
              [
                130.55445517437104,
                32.54024602045794
              ],
              [
                130.5545377389466,
                32.54026639208841
              ],
              [
                130.55462428574072,
                32.54031850294381
              ],
              [
                130.55472835427588,
                32.54034262900491
              ],
              [
                130.55481563922532,
                32.540342785661494
              ],
              [
                130.55489820380095,
                32.540329204586584
              ],
              [
                130.5549465342842,
                32.54031392587485
              ],
              [
                130.55495458936474,
                32.54028676371425
              ],
              [
                130.55490006735894,
                32.540283410479724
              ],
              [
                130.55484282966458,
                32.54027025080215
              ],
              [
                130.55477335005253,
                32.5402273464593
              ],
              [
                130.55473508841993,
                32.54020527718316
              ],
              [
                130.55465655138462,
                32.54018320790159
              ],
              [
                130.55454579402715,
                32.54016623152745
              ],
              [
                130.5545035048543,
                32.540169626802545
              ],
              [
                130.5544672569918,
                32.54016792916501
              ],
              [
                130.55445257265765,
                32.54008820839795
              ],
              [
                130.554434360664,
                32.54002460313357
              ],
              [
                130.554434360664,
                32.53996538439865
              ],
              [
                130.55440053839007,
                32.539923711932154
              ],
              [
                130.55434069898234,
                32.53988642602468
              ],
              [
                130.5542418338739,
                32.53986010655126
              ],
              [
                130.55420020645985,
                32.53983598036052
              ],
              [
                130.5541377653387,
                32.53987984615705
              ],
              [
                130.55408866820625,
                32.539882725605224
              ],
              [
                130.5540282551022,
                32.53985895860102
              ],
              [
                130.55400006232028,
                32.53985895860102
              ],
              [
                130.5539638144578,
                32.53986405153102
              ]
            ]
          ]
        ]
      }
    },
    {
      "type": "Feature",
      "id": "gsi-2026-kumamoto-landslide-020",
      "properties": {
        "classification": "OBSERVED_PUBLIC",
        "source_feature_index": 19,
        "observed_by": "Geospatial Information Authority of Japan",
        "observation_kind": "LANDSLIDE_OR_DEPOSITION_POLYGON"
      },
      "geometry": {
        "type": "MultiPolygon",
        "coordinates": [
          [
            [
              [
                130.67652192724552,
                32.528846908328006
              ],
              [
                130.6765852171641,
                32.528905120361735
              ],
              [
                130.67668302885644,
                32.52889056735684
              ],
              [
                130.67676933329085,
                32.52884205732349
              ],
              [
                130.67685563772523,
                32.528774143232795
              ],
              [
                130.67692468127274,
                32.528706229090744
              ],
              [
                130.6769189276438,
                32.52863346388158
              ],
              [
                130.67685563772523,
                32.52859465574594
              ],
              [
                130.67671755063014,
                32.52858980472781
              ],
              [
                130.6766427534537,
                32.528623761849246
              ],
              [
                130.6765391881324,
                32.528745037178204
              ],
              [
                130.67652192724552,
                32.528846908328006
              ]
            ]
          ]
        ]
      }
    },
    {
      "type": "Feature",
      "id": "gsi-2026-kumamoto-landslide-021",
      "properties": {
        "classification": "OBSERVED_PUBLIC",
        "source_feature_index": 20,
        "observed_by": "Geospatial Information Authority of Japan",
        "observation_kind": "LANDSLIDE_OR_DEPOSITION_POLYGON"
      },
      "geometry": {
        "type": "MultiPolygon",
        "coordinates": [
          [
            [
              [
                130.72011773807895,
                32.51265079265359
              ],
              [
                130.7200656440953,
                32.51266961955402
              ],
              [
                130.7200507601,
                32.51270225283877
              ],
              [
                130.72005969049715,
                32.512748692492764
              ],
              [
                130.72002694570745,
                32.51277128474821
              ],
              [
                130.71996294452757,
                32.51281521411754
              ],
              [
                130.71993466493652,
                32.51283906148046
              ],
              [
                130.71992275774028,
                32.51289303180478
              ],
              [
                130.71993466493652,
                32.512935705991765
              ],
              [
                130.71993688914105,
                32.51298041799874
              ],
              [
                130.71996160541815,
                32.51300126048386
              ],
              [
                130.72000323283223,
                32.5130275878266
              ],
              [
                130.72003575424947,
                32.513041848467346
              ],
              [
                130.7200851868037,
                32.51303526663344
              ],
              [
                130.7201162496794,
                32.51297838015848
              ],
              [
                130.72014899446907,
                32.51294951234204
              ],
              [
                130.72017876245974,
                32.51292189963936
              ],
              [
                130.72021001884988,
                32.51289805229842
              ],
              [
                130.72022490284525,
                32.51288801131085
              ],
              [
                130.72024722883822,
                32.51286416396092
              ],
              [
                130.72025764763492,
                32.51284533710123
              ],
              [
                130.72026062443396,
                32.51282148973998
              ],
              [
                130.72025764763492,
                32.51279136674828
              ],
              [
                130.72025913603449,
                32.5127587334959
              ],
              [
                130.72025169403682,
                32.51275245786908
              ],
              [
                130.72022043764665,
                32.512748692492764
              ],
              [
                130.72018769285694,
                32.51273739636294
              ],
              [
                130.72016834366298,
                32.5127160592249
              ],
              [
                130.7201579248663,
                32.51269346695558
              ],
              [
                130.72015197126817,
                32.51267212980712
              ],
              [
                130.72011773807895,
                32.51265079265359
              ]
            ]
          ]
        ]
      }
    },
    {
      "type": "Feature",
      "id": "gsi-2026-kumamoto-landslide-022",
      "properties": {
        "classification": "OBSERVED_PUBLIC",
        "source_feature_index": 21,
        "observed_by": "Geospatial Information Authority of Japan",
        "observation_kind": "LANDSLIDE_OR_DEPOSITION_POLYGON"
      },
      "geometry": {
        "type": "MultiPolygon",
        "coordinates": [
          [
            [
              [
                130.66375800140298,
                32.52516479102245
              ],
              [
                130.66371322223918,
                32.525174910651096
              ],
              [
                130.6636585862582,
                32.52518697571638
              ],
              [
                130.66361213824888,
                32.52517734054227
              ],
              [
                130.66354962546853,
                32.52515726130971
              ],
              [
                130.6635377182723,
                32.525172320734534
              ],
              [
                130.6635317646742,
                32.52521498909122
              ],
              [
                130.663525811076,
                32.52526016732912
              ],
              [
                130.66352283427696,
                32.52529028614178
              ],
              [
                130.6634960430854,
                32.52532793464341
              ],
              [
                130.66346925189382,
                32.52534048414044
              ],
              [
                130.66340673911347,
                32.52533295444243
              ],
              [
                130.66337697112283,
                32.52533546434184
              ],
              [
                130.66335911032846,
                32.525373112824525
              ],
              [
                130.6633799479219,
                32.52539821180424
              ],
              [
                130.66342757670694,
                32.52541829098294
              ],
              [
                130.66346925189382,
                32.525455939430934
              ],
              [
                130.66347818229102,
                32.525488568073094
              ],
              [
                130.66347818229102,
                32.52555131542856
              ],
              [
                130.66345139109944,
                32.525591473713064
              ],
              [
                130.66342459990787,
                32.525654220996664
              ],
              [
                130.66336208712752,
                32.52569688912447
              ],
              [
                130.66330850474438,
                32.525701908902896
              ],
              [
                130.6632549223612,
                32.52568935945634
              ],
              [
                130.663235807834,
                32.525693706995355
              ],
              [
                130.66323706156683,
                32.52571445834769
              ],
              [
                130.6632668295575,
                32.52573453745572
              ],
              [
                130.66330255114622,
                32.52574206712008
              ],
              [
                130.66335911032846,
                32.52573955723202
              ],
              [
                130.66340078551536,
                32.52572700779073
              ],
              [
                130.6634454375013,
                32.52571445834769
              ],
              [
                130.66346329829568,
                32.52569939901372
              ],
              [
                130.6635109270807,
                32.52566175066775
              ],
              [
                130.6635139038798,
                32.525649201215586
              ],
              [
                130.66354069507136,
                32.52560151328138
              ],
              [
                130.66355260226757,
                32.52557892425108
              ],
              [
                130.66357343986104,
                32.525543785748205
              ],
              [
                130.66357939345917,
                32.525521196703394
              ],
              [
                130.6635942774545,
                32.52549358786315
              ],
              [
                130.6636002310526,
                32.525458449326905
              ],
              [
                130.66359725425357,
                32.5254258206738
              ],
              [
                130.66361809184704,
                32.52538566231526
              ],
              [
                130.663646878548,
                32.525365757857536
              ],
              [
                130.66367419653847,
                32.52536137056998
              ],
              [
                130.6637093196691,
                32.52535259599424
              ],
              [
                130.6637312102114,
                32.52533044454296
              ],
              [
                130.66374907100584,
                32.52531036534462
              ],
              [
                130.66376395500114,
                32.52528526634036
              ],
              [
                130.66379669979082,
                32.52524761782088
              ],
              [
                130.6638175373843,
                32.52522753860402
              ],
              [
                130.66382051418333,
                32.52520243957665
              ],
              [
                130.66380265338898,
                32.52517734054227
              ],
              [
                130.66379074619272,
                32.52516730092654
              ],
              [
                130.66375800140298,
                32.52516479102245
              ]
            ]
          ]
        ]
      }
    },
    {
      "type": "Feature",
      "id": "gsi-2026-kumamoto-landslide-023",
      "properties": {
        "classification": "OBSERVED_PUBLIC",
        "source_feature_index": 22,
        "observed_by": "Geospatial Information Authority of Japan",
        "observation_kind": "LANDSLIDE_OR_DEPOSITION_POLYGON"
      },
      "geometry": {
        "type": "MultiPolygon",
        "coordinates": [
          [
            [
              [
                130.6750224018952,
                32.52158316098806
              ],
              [
                130.67509081896068,
                32.521619871854426
              ],
              [
                130.67520762277434,
                32.52160252638157
              ],
              [
                130.67533510672993,
                32.52152574560293
              ],
              [
                130.67540535299116,
                32.52143580232165
              ],
              [
                130.67543917526513,
                32.52134805269218
              ],
              [
                130.67549381124607,
                32.52127346543976
              ],
              [
                130.67552763352,
                32.52120984685202
              ],
              [
                130.67557186264747,
                32.52115939069868
              ],
              [
                130.6756212952017,
                32.52107822204472
              ],
              [
                130.67566552432913,
                32.52100582831853
              ],
              [
                130.6757314514827,
                32.52089614057921
              ],
              [
                130.67582163761446,
                32.52080960710184
              ],
              [
                130.67590560401294,
                32.520738806922004
              ],
              [
                130.67603932827726,
                32.520631295431166
              ],
              [
                130.67614195387546,
                32.520536894991686
              ],
              [
                130.67622903014058,
                32.520455605644884
              ],
              [
                130.67629433733944,
                32.52037169398397
              ],
              [
                130.67626945840652,
                32.520345471573876
              ],
              [
                130.67615439334185,
                32.52034022709095
              ],
              [
                130.67601755921098,
                32.52037431622457
              ],
              [
                130.67592737307925,
                32.52040578310566
              ],
              [
                130.67584029681413,
                32.520447738929995
              ],
              [
                130.67577187974865,
                32.520505428156476
              ],
              [
                130.67570657254979,
                32.52057360628549
              ],
              [
                130.67566925415045,
                32.52062867319806
              ],
              [
                130.67562389691506,
                32.520698702771
              ],
              [
                130.67559527806787,
                32.52079742181146
              ],
              [
                130.67555365065382,
                32.5208742032124
              ],
              [
                130.67549641295946,
                32.520986084564896
              ],
              [
                130.67542979442135,
                32.521103296141085
              ],
              [
                130.67536632729048,
                32.52117913441422
              ],
              [
                130.67529347931585,
                32.52127127169611
              ],
              [
                130.67523363990813,
                32.521365602624925
              ],
              [
                130.67516599536026,
                32.52143580232165
              ],
              [
                130.6750983508124,
                32.5214862583198
              ],
              [
                130.67504371483142,
                32.521514776914906
              ],
              [
                130.6750224018952,
                32.52158316098806
              ]
            ]
          ]
        ]
      }
    },
    {
      "type": "Feature",
      "id": "gsi-2026-kumamoto-landslide-024",
      "properties": {
        "classification": "OBSERVED_PUBLIC",
        "source_feature_index": 23,
        "observed_by": "Geospatial Information Authority of Japan",
        "observation_kind": "LANDSLIDE_OR_DEPOSITION_POLYGON"
      },
      "geometry": {
        "type": "MultiPolygon",
        "coordinates": [
          [
            [
              [
                130.77991052469895,
                32.54245921270114
              ],
              [
                130.77978628904293,
                32.54244073097085
              ],
              [
                130.7797448771576,
                32.542475640902644
              ],
              [
                130.7799032167192,
                32.54255778186507
              ],
              [
                130.7800493763145,
                32.5425865311842
              ],
              [
                130.7801736119705,
                32.5426358157098
              ],
              [
                130.78019797190305,
                32.54267072556575
              ],
              [
                130.78018091995028,
                32.54271795652571
              ],
              [
                130.78024912776144,
                32.54277545505214
              ],
              [
                130.78045375119487,
                32.5428185789228
              ],
              [
                130.780521959006,
                32.54288839847899
              ],
              [
                130.7805779868509,
                32.54295000392466
              ],
              [
                130.78069247853384,
                32.542974646091096
              ],
              [
                130.7807923542573,
                32.54291509417731
              ],
              [
                130.78088979398754,
                32.54286375628889
              ],
              [
                130.78093851385265,
                32.54284116760868
              ],
              [
                130.78097748974474,
                32.54276518746083
              ],
              [
                130.78089710196727,
                32.542738491717955
              ],
              [
                130.78075825035177,
                32.542726170603174
              ],
              [
                130.78062670671596,
                32.542726170603174
              ],
              [
                130.78052926698578,
                32.54265019035802
              ],
              [
                130.78049272708694,
                32.542574210048556
              ],
              [
                130.78046349516788,
                32.54252287196524
              ],
              [
                130.78026374372092,
                32.5425413536786
              ],
              [
                130.78011271213913,
                32.54252081844129
              ],
              [
                130.78002501638196,
                32.54245715917574
              ],
              [
                130.77991052469895,
                32.54245921270114
              ]
            ]
          ]
        ]
      }
    },
    {
      "type": "Feature",
      "id": "gsi-2026-kumamoto-landslide-025",
      "properties": {
        "classification": "OBSERVED_PUBLIC",
        "source_feature_index": 24,
        "observed_by": "Geospatial Information Authority of Japan",
        "observation_kind": "LANDSLIDE_OR_DEPOSITION_POLYGON"
      },
      "geometry": {
        "type": "MultiPolygon",
        "coordinates": [
          [
            [
              [
                130.78023207580864,
                32.54234626873441
              ],
              [
                130.7803538754714,
                32.54235858990132
              ],
              [
                130.78043182725557,
                32.5423893928112
              ],
              [
                130.7805926028104,
                32.54238117870293
              ],
              [
                130.78072171045295,
                32.542432516867265
              ],
              [
                130.78084594610894,
                32.54239349986505
              ],
              [
                130.78097992573797,
                32.54236680401167
              ],
              [
                130.78093607785937,
                32.54229903757894
              ],
              [
                130.78080697021687,
                32.54228671640385
              ],
              [
                130.78061939873623,
                32.542268234638065
              ],
              [
                130.78048054712067,
                32.54222921756445
              ],
              [
                130.7804196472893,
                32.542188146942344
              ],
              [
                130.78034900348487,
                32.54210395210827
              ],
              [
                130.78030028361977,
                32.54206082789439
              ],
              [
                130.7802296398154,
                32.54205466729072
              ],
              [
                130.7802272038221,
                32.54208547030487
              ],
              [
                130.78032707954557,
                32.54217993281567
              ],
              [
                130.78030028361977,
                32.542268234638065
              ],
              [
                130.78023207580864,
                32.54234626873441
              ]
            ]
          ]
        ]
      }
    },
    {
      "type": "Feature",
      "id": "gsi-2026-kumamoto-landslide-026",
      "properties": {
        "classification": "OBSERVED_PUBLIC",
        "source_feature_index": 25,
        "observed_by": "Geospatial Information Authority of Japan",
        "observation_kind": "LANDSLIDE_OR_DEPOSITION_POLYGON"
      },
      "geometry": {
        "type": "MultiPolygon",
        "coordinates": [
          [
            [
              [
                130.94759738257432,
                32.69116997125712
              ],
              [
                130.94751005125374,
                32.691207833606846
              ],
              [
                130.9474200735296,
                32.69124792313612
              ],
              [
                130.94736714545655,
                32.69127019508904
              ],
              [
                130.94730363176888,
                32.69130583020217
              ],
              [
                130.9472348252739,
                32.691341465301065
              ],
              [
                130.94720306843007,
                32.69136819161591
              ],
              [
                130.94719777562275,
                32.691383781962536
              ],
              [
                130.94720571483376,
                32.69139714511462
              ],
              [
                130.94725864290677,
                32.69140605388157
              ],
              [
                130.94731157097985,
                32.6914127354562
              ],
              [
                130.94738302387847,
                32.69141496264763
              ],
              [
                130.94744124475878,
                32.691417189839
              ],
              [
                130.94747300160265,
                32.69141496264763
              ],
              [
                130.9474915264282,
                32.69140605388157
              ],
              [
                130.94751534406106,
                32.69138155477033
              ],
              [
                130.94753916169392,
                32.69134591968743
              ],
              [
                130.9475629793268,
                32.691292467036405
              ],
              [
                130.9475788577487,
                32.691259059113264
              ],
              [
                130.94760002897794,
                32.69122787837373
              ],
              [
                130.94760796818892,
                32.691207833606846
              ],
              [
                130.94759738257432,
                32.69116997125712
              ]
            ]
          ]
        ]
      }
    },
    {
      "type": "Feature",
      "id": "gsi-2026-kumamoto-landslide-027",
      "properties": {
        "classification": "OBSERVED_PUBLIC",
        "source_feature_index": 26,
        "observed_by": "Geospatial Information Authority of Japan",
        "observation_kind": "LANDSLIDE_OR_DEPOSITION_POLYGON"
      },
      "geometry": {
        "type": "MultiPolygon",
        "coordinates": [
          [
            [
              [
                130.94649037644055,
                32.6352917124525
              ],
              [
                130.94641715796593,
                32.63524718110789
              ],
              [
                130.94637241334257,
                32.63522834091697
              ],
              [
                130.9463439394913,
                32.635209500722084
              ],
              [
                130.94631749948664,
                32.63518723503209
              ],
              [
                130.94630529640753,
                32.635159831098335
              ],
              [
                130.94630733025403,
                32.635130714409534
              ],
              [
                130.94633580410525,
                32.635120437928876
              ],
              [
                130.94637444718907,
                32.63511701243505
              ],
              [
                130.94640698873337,
                32.635115299688096
              ],
              [
                130.94647003797536,
                32.635110161447024
              ],
              [
                130.94651885029174,
                32.635106735952824
              ],
              [
                130.94655342568254,
                32.635089608479795
              ],
              [
                130.94657173030117,
                32.635067342759974
              ],
              [
                130.9465757979942,
                32.63503308779559
              ],
              [
                130.94656156106862,
                32.63498684357284
              ],
              [
                130.94652495183132,
                32.63493888657586
              ],
              [
                130.94650868105919,
                32.63492861007315
              ],
              [
                130.94648427490097,
                32.63491319531689
              ],
              [
                130.94644156412414,
                32.634889216801895
              ],
              [
                130.94642325950548,
                32.63487208928723
              ],
              [
                130.94641715796593,
                32.6348515362653
              ],
              [
                130.94642122565898,
                32.63483783424807
              ],
              [
                130.94645580104978,
                32.63483269599107
              ],
              [
                130.9465005456731,
                32.63482755773378
              ],
              [
                130.94656766260815,
                32.63482927048624
              ],
              [
                130.9466225764641,
                32.63483440874345
              ],
              [
                130.94665308416185,
                32.63483612149578
              ],
              [
                130.94666732108746,
                32.63485667452123
              ],
              [
                130.94667952416657,
                32.63490120606019
              ],
              [
                130.94670799801779,
                32.6349405993262
              ],
              [
                130.94674257340859,
                32.63496629057729
              ],
              [
                130.94677308110633,
                32.63497142882661
              ],
              [
                130.94681782572968,
                32.63497656707565
              ],
              [
                130.94683816419484,
                32.634981705324385
              ],
              [
                130.94683816419484,
                32.634993694570305
              ],
              [
                130.9468259611157,
                32.63501596030846
              ],
              [
                130.94669579493868,
                32.6350964594694
              ],
              [
                130.94663681338972,
                32.6351272889161
              ],
              [
                130.94658189953375,
                32.635173533066265
              ],
              [
                130.94656562876165,
                32.63520436248641
              ],
              [
                130.9465595272221,
                32.635230053661765
              ],
              [
                130.94653918875693,
                32.63525403208543
              ],
              [
                130.94649037644055,
                32.6352917124525
              ]
            ]
          ]
        ]
      }
    },
    {
      "type": "Feature",
      "id": "gsi-2026-kumamoto-landslide-028",
      "properties": {
        "classification": "OBSERVED_PUBLIC",
        "source_feature_index": 27,
        "observed_by": "Geospatial Information Authority of Japan",
        "observation_kind": "LANDSLIDE_OR_DEPOSITION_POLYGON"
      },
      "geometry": {
        "type": "MultiPolygon",
        "coordinates": [
          [
            [
              [
                130.81972277446602,
                32.589667950775784
              ],
              [
                130.8196253347358,
                32.589696685001094
              ],
              [
                130.8195814868572,
                32.58974183876511
              ],
              [
                130.81963205728238,
                32.58980549033454
              ],
              [
                130.8197443284268,
                32.5898472876099
              ],
              [
                130.81992970636284,
                32.589856087033816
              ],
              [
                130.8200915856873,
                32.58985828688966
              ],
              [
                130.82022735544334,
                32.589845087753794
              ],
              [
                130.82034151675282,
                32.58982393645958
              ],
              [
                130.82043895648303,
                32.58979109739082
              ],
              [
                130.82047549638187,
                32.589719261885946
              ],
              [
                130.82043895648303,
                32.58969052766787
              ],
              [
                130.82036100469887,
                32.58965974099543
              ],
              [
                130.82008330146778,
                32.58966179344059
              ],
              [
                130.81972277446602,
                32.589667950775784
              ]
            ]
          ]
        ]
      }
    },
    {
      "type": "Feature",
      "id": "gsi-2026-kumamoto-landslide-029",
      "properties": {
        "classification": "OBSERVED_PUBLIC",
        "source_feature_index": 28,
        "observed_by": "Geospatial Information Authority of Japan",
        "observation_kind": "LANDSLIDE_OR_DEPOSITION_POLYGON"
      },
      "geometry": {
        "type": "MultiPolygon",
        "coordinates": [
          [
            [
              [
                130.96337696760708,
                32.61408935412867
              ],
              [
                130.9635719190516,
                32.61403852675191
              ],
              [
                130.963757587094,
                32.613972060138785
              ],
              [
                130.96379472070248,
                32.61385476599526
              ],
              [
                130.9637343785887,
                32.613710103006625
              ],
              [
                130.96366011137172,
                32.61354198086135
              ],
              [
                130.96365546967064,
                32.61337776822866
              ],
              [
                130.96360441095902,
                32.6132213749652
              ],
              [
                130.96346980162826,
                32.61307671095329
              ],
              [
                130.9631773744615,
                32.61311971919746
              ],
              [
                130.96308918214135,
                32.61324483397213
              ],
              [
                130.9630566902339,
                32.61342468615445
              ],
              [
                130.9630149149244,
                32.61353025139758
              ],
              [
                130.9629917064191,
                32.61365536559863
              ],
              [
                130.9630381234297,
                32.613823487531036
              ],
              [
                130.96314952425513,
                32.613956420928524
              ],
              [
                130.96313559915194,
                32.61412454229567
              ],
              [
                130.9632330748742,
                32.61414409127137
              ],
              [
                130.96337696760708,
                32.61408935412867
              ]
            ]
          ]
        ]
      }
    },
    {
      "type": "Feature",
      "id": "gsi-2026-kumamoto-landslide-030",
      "properties": {
        "classification": "OBSERVED_PUBLIC",
        "source_feature_index": 29,
        "observed_by": "Geospatial Information Authority of Japan",
        "observation_kind": "LANDSLIDE_OR_DEPOSITION_POLYGON"
      },
      "geometry": {
        "type": "MultiPolygon",
        "coordinates": [
          [
            [
              [
                130.90829003304293,
                32.618184121327204
              ],
              [
                130.90847570108534,
                32.618147631549
              ],
              [
                130.90859947978026,
                32.618150237962226
              ],
              [
                130.9087603920837,
                32.618085077608896
              ],
              [
                130.9089213043871,
                32.618014704374026
              ],
              [
                130.9090017605388,
                32.617962576016225
              ],
              [
                130.90903579967994,
                32.617886989843534
              ],
              [
                130.90895843799558,
                32.61776709440422
              ],
              [
                130.90886250950703,
                32.61775406228159
              ],
              [
                130.90867065252988,
                32.61779315864381
              ],
              [
                130.90851592916118,
                32.61785049994423
              ],
              [
                130.90836120579252,
                32.61789480910574
              ],
              [
                130.90827146623872,
                32.6179573631788
              ],
              [
                130.90821886029335,
                32.61805119420641
              ],
              [
                130.90821267135857,
                32.618137205895344
              ],
              [
                130.90829003304293,
                32.618184121327204
              ]
            ]
          ]
        ]
      }
    },
    {
      "type": "Feature",
      "id": "gsi-2026-kumamoto-landslide-031",
      "properties": {
        "classification": "OBSERVED_PUBLIC",
        "source_feature_index": 30,
        "observed_by": "Geospatial Information Authority of Japan",
        "observation_kind": "LANDSLIDE_OR_DEPOSITION_POLYGON"
      },
      "geometry": {
        "type": "MultiPolygon",
        "coordinates": [
          [
            [
              [
                130.79210849547516,
                32.558985536192075
              ],
              [
                130.79220018339728,
                32.558997900679465
              ],
              [
                130.79227720125192,
                32.55896389833505
              ],
              [
                130.79236155414034,
                32.55890516698253
              ],
              [
                130.79250091978204,
                32.55886189122447
              ],
              [
                130.79256693508597,
                32.558815524317694
              ],
              [
                130.79264028542372,
                32.55877533964578
              ],
              [
                130.7925962752211,
                32.55872897269428
              ],
              [
                130.7925485975015,
                32.55870115251187
              ],
              [
                130.7924239019274,
                32.558769157386976
              ],
              [
                130.79219651588042,
                32.55882788882852
              ],
              [
                130.7921415031271,
                32.55888971135705
              ],
              [
                130.79210849547516,
                32.558985536192075
              ]
            ]
          ]
        ]
      }
    },
    {
      "type": "Feature",
      "id": "gsi-2026-kumamoto-landslide-032",
      "properties": {
        "classification": "OBSERVED_PUBLIC",
        "source_feature_index": 31,
        "observed_by": "Geospatial Information Authority of Japan",
        "observation_kind": "LANDSLIDE_OR_DEPOSITION_POLYGON"
      },
      "geometry": {
        "type": "MultiPolygon",
        "coordinates": [
          [
            [
              [
                130.79889665612976,
                32.547536410634784
              ],
              [
                130.79884793626468,
                32.54758363903512
              ],
              [
                130.7988625522242,
                32.54763908103858
              ],
              [
                130.799003839833,
                32.547700683224484
              ],
              [
                130.7991012795632,
                32.547706843440764
              ],
              [
                130.79920846326644,
                32.54766166851165
              ],
              [
                130.7993132109764,
                32.547595959483274
              ],
              [
                130.79939603474705,
                32.5475446242714
              ],
              [
                130.79953732235586,
                32.54751382313019
              ],
              [
                130.79960553016699,
                32.5474481139936
              ],
              [
                130.79969078993093,
                32.54736187067884
              ],
              [
                130.7997370738028,
                32.547290001186575
              ],
              [
                130.79970053390397,
                32.547246879463614
              ],
              [
                130.79960553016699,
                32.54724071921578
              ],
              [
                130.7995080904368,
                32.54730026826042
              ],
              [
                130.79940577872011,
                32.547308481918655
              ],
              [
                130.79932295494942,
                32.54729205460145
              ],
              [
                130.79921577124617,
                32.54729205460145
              ],
              [
                130.79910858754297,
                32.54734955019854
              ],
              [
                130.79903794373857,
                32.54738240480892
              ],
              [
                130.79894537599486,
                32.547388565047015
              ],
              [
                130.79895268397462,
                32.54744606058231
              ],
              [
                130.79890883609605,
                32.54751176972041
              ],
              [
                130.79889665612976,
                32.547536410634784
              ]
            ]
          ]
        ]
      }
    },
    {
      "type": "Feature",
      "id": "gsi-2026-kumamoto-landslide-033",
      "properties": {
        "classification": "OBSERVED_PUBLIC",
        "source_feature_index": 32,
        "observed_by": "Geospatial Information Authority of Japan",
        "observation_kind": "LANDSLIDE_OR_DEPOSITION_POLYGON"
      },
      "geometry": {
        "type": "MultiPolygon",
        "coordinates": [
          [
            [
              [
                130.77912126288425,
                32.54316254238778
              ],
              [
                130.77908472298543,
                32.543205666072524
              ],
              [
                130.7789872832552,
                32.543205666072524
              ],
              [
                130.77894343537665,
                32.543257003765454
              ],
              [
                130.77902625914732,
                32.54334325102347
              ],
              [
                130.77913831483707,
                32.54347878226158
              ],
              [
                130.77923575456725,
                32.543632794783825
              ],
              [
                130.77935999022327,
                32.54380323500048
              ],
              [
                130.77948666187254,
                32.54390180268895
              ],
              [
                130.77955730567695,
                32.54402295865778
              ],
              [
                130.77965961739366,
                32.54423857480811
              ],
              [
                130.77972538921154,
                32.54437821165779
              ],
              [
                130.77973756917783,
                32.54447061827713
              ],
              [
                130.7796157695151,
                32.54458972000177
              ],
              [
                130.77954512571065,
                32.54465748470562
              ],
              [
                130.77952320177138,
                32.54469444724978
              ],
              [
                130.77957435762977,
                32.54479301395985
              ],
              [
                130.77966692537345,
                32.54486899239167
              ],
              [
                130.77978628904293,
                32.544899794440305
              ],
              [
                130.77991539668545,
                32.54491416872606
              ],
              [
                130.7800664282673,
                32.5449449707592
              ],
              [
                130.78017848395703,
                32.54497782624957
              ],
              [
                130.7803222075591,
                32.54497987971732
              ],
              [
                130.780407467323,
                32.54493059647839
              ],
              [
                130.78040259533645,
                32.54485461809868
              ],
              [
                130.7803319515321,
                32.54476837229248
              ],
              [
                130.78021989584238,
                32.544667752080514
              ],
              [
                130.78009322419308,
                32.54452606220308
              ],
              [
                130.7799836044966,
                32.54438847906462
              ],
              [
                130.7798374449013,
                32.54418723767643
              ],
              [
                130.7797448771576,
                32.54402295865778
              ],
              [
                130.77966692537345,
                32.54384430488383
              ],
              [
                130.77970590126552,
                32.54375805810709
              ],
              [
                130.7797741090767,
                32.54366154375872
              ],
              [
                130.7797034652723,
                32.54359993880124
              ],
              [
                130.77965718140044,
                32.54344797972543
              ],
              [
                130.7796596173937,
                32.5433535185487
              ],
              [
                130.77967910533974,
                32.543232361676516
              ],
              [
                130.77968154133296,
                32.54316459589705
              ],
              [
                130.7795499976972,
                32.54312763272307
              ],
              [
                130.77951832978488,
                32.543078348467404
              ],
              [
                130.77943063402768,
                32.54309066953386
              ],
              [
                130.7793063983717,
                32.543061920376154
              ],
              [
                130.77921626662123,
                32.54309066953386
              ],
              [
                130.77912126288425,
                32.54316254238778
              ]
            ]
          ]
        ]
      }
    },
    {
      "type": "Feature",
      "id": "gsi-2026-kumamoto-landslide-034",
      "properties": {
        "classification": "OBSERVED_PUBLIC",
        "source_feature_index": 33,
        "observed_by": "Geospatial Information Authority of Japan",
        "observation_kind": "LANDSLIDE_OR_DEPOSITION_POLYGON"
      },
      "geometry": {
        "type": "MultiPolygon",
        "coordinates": [
          [
            [
              [
                130.99867548360112,
                32.63270044716831
              ],
              [
                130.99855013839354,
                32.6327572865098
              ],
              [
                130.99850192869837,
                32.632811419182424
              ],
              [
                130.99845371900315,
                32.63283848550645
              ],
              [
                130.9983990813486,
                32.63286284519107
              ],
              [
                130.99833158777528,
                32.63288991149954
              ],
              [
                130.99827695012073,
                32.63291427117016
              ],
              [
                130.99823838236458,
                32.632938630834154
              ],
              [
                130.99821267052712,
                32.6329656971197
              ],
              [
                130.99821267052712,
                32.63298464351471
              ],
              [
                130.99822552644585,
                32.6329900567697
              ],
              [
                130.99827373614107,
                32.632987350142244
              ],
              [
                130.99833801573467,
                32.6329656971197
              ],
              [
                130.99842800716573,
                32.63293592420514
              ],
              [
                130.99845050502344,
                32.63291968442941
              ],
              [
                130.99848264482026,
                32.632895324760256
              ],
              [
                130.99852442655612,
                32.63287096508448
              ],
              [
                130.9985790642107,
                32.63284660540206
              ],
              [
                130.99865298574338,
                32.632827658977824
              ],
              [
                130.9986979814589,
                32.632811419182424
              ],
              [
                130.9987236932963,
                32.63279517938407
              ],
              [
                130.99873976319472,
                32.63278435285021
              ],
              [
                130.99875261911345,
                32.6327491666061
              ],
              [
                130.99875261911345,
                32.632724806890515
              ],
              [
                130.99873976319472,
                32.632713980348136
              ],
              [
                130.99872047931663,
                32.63270856707644
              ],
              [
                130.99867548360112,
                32.63270044716831
              ]
            ]
          ]
        ]
      }
    },
    {
      "type": "Feature",
      "id": "gsi-2026-kumamoto-landslide-035",
      "properties": {
        "classification": "OBSERVED_PUBLIC",
        "source_feature_index": 34,
        "observed_by": "Geospatial Information Authority of Japan",
        "observation_kind": "LANDSLIDE_OR_DEPOSITION_POLYGON"
      },
      "geometry": {
        "type": "MultiPolygon",
        "coordinates": [
          [
            [
              [
                130.98483054423806,
                32.639999064382316
              ],
              [
                130.98481834115898,
                32.640031176629236
              ],
              [
                130.98480308731007,
                32.64006200437544
              ],
              [
                130.9847756303821,
                32.640087694155824
              ],
              [
                130.98473139422038,
                32.64011081495187
              ],
              [
                130.984682581904,
                32.64013522023009
              ],
              [
                130.98462156650848,
                32.64016476345272
              ],
              [
                130.984574279577,
                32.6401827462791
              ],
              [
                130.98452089110594,
                32.640194306665585
              ],
              [
                130.98446750263486,
                32.640203298076266
              ],
              [
                130.98442174108825,
                32.64021999640797
              ],
              [
                130.98440801262427,
                32.64022898781607
              ],
              [
                130.98440191108472,
                32.64024183268321
              ],
              [
                130.9844049618545,
                32.640255962034914
              ],
              [
                130.98442174108825,
                32.6402598154941
              ],
              [
                130.9844751295593,
                32.64025339306205
              ],
              [
                130.98455750034324,
                32.640240548196566
              ],
              [
                130.98463224420271,
                32.640230272302865
              ],
              [
                130.98470393729244,
                32.64022513435557
              ],
              [
                130.98479546038567,
                32.64022384986869
              ],
              [
                130.9848503742416,
                32.64022898781607
              ],
              [
                130.98489461040333,
                32.64023926370994
              ],
              [
                130.98494037194993,
                32.6402444016564
              ],
              [
                130.9849861334966,
                32.640248255116084
              ],
              [
                130.98503952196765,
                32.640240548196566
              ],
              [
                130.9850791819747,
                32.64021100499898
              ],
              [
                130.98507460582005,
                32.640148065110694
              ],
              [
                130.98504714889208,
                32.64011723739414
              ],
              [
                130.98500138734542,
                32.64007484926655
              ],
              [
                130.98497698118726,
                32.640054297439875
              ],
              [
                130.98494647348952,
                32.640031176629236
              ],
              [
                130.98491749117665,
                32.64002090071147
              ],
              [
                130.9848763057847,
                32.64000291785254
              ],
              [
                130.98483054423806,
                32.639999064382316
              ]
            ]
          ]
        ]
      }
    }
  ]
}
